,sample_id,mouse_id,strain,genotype,treatment,age,sex,organ,suborgan,sampletype,microbiome,passage,batch,prep,filename
3311-ProxColon,3311-ProxColon,3311,129svev,WT,None,9,F,COL,PCOL,normal,gf,NA,2020_gf_pilot,PP,3311-ProxColon_R1_001_val_1_bismark_bt2_pe.bismark.cov.gz
3311-Spleen,3311-Spleen,3311,129svev,WT,None,9,F,SPL,SPL,normal,gf,NA,2020_gf_pilot,PP,3311-Spleen_R1_001_val_1_bismark_bt2_pe.bismark.cov.gz
3389-ProxColon,3389-ProxColon,3389,129svev,WT,None,9,M,COL,PCOL,normal,gf,NA,2020_gf_pilot,PP,3389-ProxColon_R1_001_val_1_bismark_bt2_pe.bismark.cov.gz
3389-Spleen,3389-Spleen,3389,129svev,WT,None,9,M,SPL,SPL,normal,gf,NA,2020_gf_pilot,PP,3389-Spleen_R1_001_val_1_bismark_bt2_pe.bismark.cov.gz
4431-ProxColon,4431-ProxColon,4431,129svev,WT,None,4,F,COL,PCOL,normal,gf,NA,2020_gf_pilot,PP,4431-ProxColon_R1_001_val_1_bismark_bt2_pe.bismark.cov.gz
4431-Spleen,4431-Spleen,4431,129svev,WT,None,4,F,SPL,SPL,normal,gf,NA,2020_gf_pilot,PP,4431-Spleen_R1_001_val_1_bismark_bt2_pe.bismark.cov.gz
4434-ProxColon,4434-ProxColon,4434,129svev,WT,None,4,M,COL,PCOL,normal,gf,NA,2020_gf_pilot,PP,4434-ProxColon_R1_001_val_1_bismark_bt2_pe.bismark.cov.gz
4434-Spleen,4434-Spleen,4434,129svev,WT,None,4,M,SPL,SPL,normal,gf,NA,2020_gf_pilot,PP,4434-Spleen_R1_001_val_1_bismark_bt2_pe.bismark.cov.gz
Young-BR-1,Young-BR-1,NA,c57bl6,Lgr5,None,4,NA,BR,BR,normal,wt,NA,2020_gf_pilot,HV,Young-BR-1_R1_001_val_1_bismark_bt2_pe.bismark.cov.gz
Young-BR-2,Young-BR-2,NA,c57bl6,Lgr5,None,4,NA,BR,BR,normal,wt,NA,2020_gf_pilot,HV,Young-BR-2_R1_001_val_1_bismark_bt2_pe.bismark.cov.gz
distal_M_1,distal_M_1,1,129svev,ApcMin/IL10KO,None,7,M,COL,DCOL,normal,eckp,NA,2021_03_29,PP,distal_M_1_sL_1_val_1_bismark_bt2_pe.bismark.cov.gz
distal_T_1,distal_T_1,1,129svev,ApcMin/IL10KO,None,7,M,COL,DCOL,tumor,eckp,NA,2021_03_29,PP,distal_T_1_sL_1_val_1_bismark_bt2_pe.bismark.cov.gz
prox_M_1,prox_M_1,1,129svev,ApcMin/IL10KO,None,7,M,COL,PCOL,normal,eckp,NA,2021_03_29,PP,prox_M_1_sL_1_val_1_bismark_bt2_pe.bismark.cov.gz
distal_M_2,distal_M_2,2,129svev,ApcMin/IL10KO,None,6,F,COL,DCOL,normal,eckp,NA,2021_03_29,PP,distal_M_2_sL_1_val_1_bismark_bt2_pe.bismark.cov.gz
distal_T_2,distal_T_2,2,129svev,ApcMin/IL10KO,None,6,F,COL,DCOL,tumor,eckp,NA,2021_03_29,PP,distal_T_2_sL_1_val_1_bismark_bt2_pe.bismark.cov.gz
prox_M_2,prox_M_2,2,129svev,ApcMin/IL10KO,None,6,F,COL,PCOL,normal,eckp,NA,2021_03_29,PP,prox_M_2_sL_1_val_1_bismark_bt2_pe.bismark.cov.gz
distal_M_3,distal_M_3,3,129svev,ApcMin/IL10KO,None,7,F,COL,DCOL,normal,eckp,NA,2021_03_29,PP,distal_M_3_sL_1_val_1_bismark_bt2_pe.bismark.cov.gz
distal_T_3,distal_T_3,3,129svev,ApcMin/IL10KO,None,7,F,COL,DCOL,tumor,eckp,NA,2021_03_29,PP,distal_T_3_sL_1_val_1_bismark_bt2_pe.bismark.cov.gz
prox_M_3,prox_M_3,3,129svev,ApcMin/IL10KO,None,7,F,COL,PCOL,normal,eckp,NA,2021_03_29,PP,prox_M_3_sL_1_val_1_bismark_bt2_pe.bismark.cov.gz
distal_M_4,distal_M_4,4,129svev,ApcMin/IL10KO,None,6,F,COL,DCOL,normal,eckp,NA,2021_03_29,PP,distal_M_4_sL_1_val_1_bismark_bt2_pe.bismark.cov.gz
distal_T_4,distal_T_4,4,129svev,ApcMin/IL10KO,None,6,F,COL,DCOL,tumor,eckp,NA,2021_03_29,PP,distal_T_4_sL_1_val_1_bismark_bt2_pe.bismark.cov.gz
prox_M_4,prox_M_4,4,129svev,ApcMin/IL10KO,None,6,F,COL,PCOL,normal,eckp,NA,2021_03_29,PP,prox_M_4_sL_1_val_1_bismark_bt2_pe.bismark.cov.gz
prox_T_4,prox_T_4,4,129svev,ApcMin/IL10KO,None,6,F,COL,PCOL,tumor,eckp,NA,2021_03_29,PP,prox_T_4_sL_1_val_1_bismark_bt2_pe.bismark.cov.gz
prox_M_5,prox_M_5,5,129svev,ApcMin/IL10KO,None,7,F,COL,PCOL,normal,eckp,NA,2021_03_29,PP,prox_M_5_sL_1_val_1_bismark_bt2_pe.bismark.cov.gz
prox_T_5,prox_T_5,5,129svev,ApcMin/IL10KO,None,7,F,COL,PCOL,tumor,eckp,NA,2021_03_29,PP,prox_T_5_sL_1_val_1_bismark_bt2_pe.bismark.cov.gz
distal_M_5168,distal_M_5168,5168,129svev,ApcMin/IL10KO,None,6,F,COL,DCOL,normal,spf,NA,2021_03_29,PP,distal_M_5168_sL_1_val_1_bismark_bt2_pe.bismark.cov.gz
distal_T_5168,distal_T_5168,5168,129svev,ApcMin/IL10KO,None,6,F,COL,DCOL,tumor,spf,NA,2021_03_29,PP,distal_T_5168_sL_1_val_1_bismark_bt2_pe.bismark.cov.gz
prox_M_5168,prox_M_5168,5168,129svev,ApcMin/IL10KO,None,6,F,COL,PCOL,normal,spf,NA,2021_03_29,PP,prox_M_5168_sL_1_val_1_bismark_bt2_pe.bismark.cov.gz
distal_M_5171,distal_M_5171,5171,129svev,ApcMin/IL10KO,None,6,M,COL,DCOL,normal,spf,NA,2021_03_29,PP,distal_M_5171_sL_1_val_1_bismark_bt2_pe.bismark.cov.gz
distal_T_5171,distal_T_5171,5171,129svev,ApcMin/IL10KO,None,6,M,COL,DCOL,tumor,spf,NA,2021_03_29,PP,distal_T_5171_sL_1_val_1_bismark_bt2_pe.bismark.cov.gz
prox_M_5171,prox_M_5171,5171,129svev,ApcMin/IL10KO,None,6,M,COL,PCOL,normal,spf,NA,2021_03_29,PP,prox_M_5171_sL_1_val_1_bismark_bt2_pe.bismark.cov.gz
prox_T_5171,prox_T_5171,5171,129svev,ApcMin/IL10KO,None,6,M,COL,PCOL,tumor,spf,NA,2021_03_29,PP,prox_T_5171_sL_1_val_1_bismark_bt2_pe.bismark.cov.gz
distal_M_5604,distal_M_5604,5604,129svev,ApcMin/IL10KO,None,7,M,COL,DCOL,normal,spf,NA,2021_03_29,PP,distal_M_5604_sL_1_val_1_bismark_bt2_pe.bismark.cov.gz
distal_T_5604,distal_T_5604,5604,129svev,ApcMin/IL10KO,None,7,M,COL,DCOL,tumor,spf,NA,2021_03_29,PP,distal_T_5604_sL_1_val_1_bismark_bt2_pe.bismark.cov.gz
prox_M_5604,prox_M_5604,5604,129svev,ApcMin/IL10KO,None,7,M,COL,PCOL,normal,spf,NA,2021_03_29,PP,prox_M_5604_sL_1_val_1_bismark_bt2_pe.bismark.cov.gz
prox_T_5604,prox_T_5604,5604,129svev,ApcMin/IL10KO,None,7,M,COL,PCOL,tumor,spf,NA,2021_03_29,PP,prox_T_5604_sL_1_val_1_bismark_bt2_pe.bismark.cov.gz
distal_M_5674,distal_M_5674,5674,129svev,ApcMin/IL10KO,None,7,F,COL,DCOL,normal,spf,NA,2021_03_29,PP,distal_M_5674_sL_1_val_1_bismark_bt2_pe.bismark.cov.gz
distal_T_5674,distal_T_5674,5674,129svev,ApcMin/IL10KO,None,7,F,COL,DCOL,tumor,spf,NA,2021_03_29,PP,distal_T_5674_sL_1_val_1_bismark_bt2_pe.bismark.cov.gz
prox_M_5674,prox_M_5674,5674,129svev,ApcMin/IL10KO,None,7,F,COL,PCOL,normal,spf,NA,2021_03_29,PP,prox_M_5674_sL_1_val_1_bismark_bt2_pe.bismark.cov.gz
prox_T_5674,prox_T_5674,5674,129svev,ApcMin/IL10KO,None,7,F,COL,PCOL,tumor,spf,NA,2021_03_29,PP,prox_T_5674_sL_1_val_1_bismark_bt2_pe.bismark.cov.gz
distal_M_5675,distal_M_5675,5675,129svev,ApcMin/IL10KO,None,7,F,COL,DCOL,normal,spf,NA,2021_03_29,PP,distal_M_5675_sL_1_val_1_bismark_bt2_pe.bismark.cov.gz
distal_T_5675,distal_T_5675,5675,129svev,ApcMin/IL10KO,None,7,F,COL,DCOL,tumor,spf,NA,2021_03_29,PP,distal_T_5675_sL_1_val_1_bismark_bt2_pe.bismark.cov.gz
prox_M_5675,prox_M_5675,5675,129svev,ApcMin/IL10KO,None,7,F,COL,PCOL,normal,spf,NA,2021_03_29,PP,prox_M_5675_sL_1_val_1_bismark_bt2_pe.bismark.cov.gz
prox_T_5675,prox_T_5675,5675,129svev,ApcMin/IL10KO,None,7,F,COL,PCOL,tumor,spf,NA,2021_03_29,PP,prox_T_5675_sL_1_val_1_bismark_bt2_pe.bismark.cov.gz
liv_3031,liv_3031,3031,129svev,WT,None,11,M,LIV,LIV,normal,gf,NA,2021_08_26,PP,liv_3031_CKDL210018243-1a-7UDI280-AK890_HH7GMDSX2_L3_1_val_1_bismark_bt2_pe.bismark.cov.gz
pc_3031,pc_3031,3031,129svev,WT,None,11,M,COL,PCOL,normal,gf,NA,2021_08_26,PP,pc_3031_CKDL210018244-1a-AK494-GH03_HH7GMDSX2_L4_1_val_1_bismark_bt2_pe.bismark.cov.gz
dc_3311,dc_3311,3311,129svev,WT,None,9,F,COL,DCOL,normal,gf,NA,2021_08_26,PP,dc_3311_CKDL210018243-1a-AK1863-GA03_HH7GMDSX2_L3_1_val_1_bismark_bt2_pe.bismark.cov.gz
liv_3311,liv_3311,3311,129svev,WT,None,9,F,LIV,LIV,normal,gf,NA,2021_08_26,PP,liv_3311_CKDL210018244-1a-AK706-7UDI245_HH7GMDSX2_L4_1_val_1_bismark_bt2_pe.bismark.cov.gz
dc_3321,dc_3321,3321,129svev,WT,None,9,F,COL,DCOL,normal,gf,NA,2021_08_26,PP,dc_3321_CKDL210018243-1a-AK889-7UDI229_HH7GMDSX2_L3_1_val_1_bismark_bt2_pe.bismark.cov.gz
sp_3321,sp_3321,3321,129svev,WT,None,9,F,SPL,SPL,normal,gf,NA,2021_08_26,PP,sp_3321_CKDL210018243-1a-AK2044-AK1952_HH7GMDSX2_L3_1_val_1_bismark_bt2_pe.bismark.cov.gz
dc_3389,dc_3389,3389,129svev,WT,None,9,M,COL,DCOL,normal,gf,NA,2021_08_26,PP,dc_3389_CKDL210018243-1a-AK850-AK2430_HH7GMDSX2_L3_1_val_1_bismark_bt2_pe.bismark.cov.gz
liv_3389,liv_3389,3389,129svev,WT,None,9,M,LIV,LIV,normal,gf,NA,2021_08_26,PP,liv_3389_CKDL210018243-1a-AK845-GD06_HH7GMDSX2_L3_1_val_1_bismark_bt2_pe.bismark.cov.gz
dc_3409,dc_3409,3409,129svev,WT,None,9,M,COL,DCOL,normal,gf,NA,2021_08_26,PP,dc_3409_CKDL210018243-1a-AK2045-AK2431_HH7GMDSX2_L3_1_val_1_bismark_bt2_pe.bismark.cov.gz
liv_3409,liv_3409,3409,129svev,WT,None,9,M,LIV,LIV,normal,gf,NA,2021_08_26,PP,liv_3409_CKDL210018244-1a-AK892-AK1874_HH7GMDSX2_L4_1_val_1_bismark_bt2_pe.bismark.cov.gz
pc_3409,pc_3409,3409,129svev,WT,None,9,M,COL,PCOL,normal,gf,NA,2021_08_26,PP,pc_3409_CKDL210018244-1a-AK869-AK847_HH7GMDSX2_L4_1_val_1_bismark_bt2_pe.bismark.cov.gz
sp_3409,sp_3409,3409,129svev,WT,None,9,M,SPL,SPL,normal,gf,NA,2021_08_26,PP,sp_3409_CKDL210018243-1a-AK844-AK1878_HH7GMDSX2_L3_1_val_1_bismark_bt2_pe.bismark.cov.gz
dc_3500,dc_3500,3500,129svev,WT,None,9,M,COL,DCOL,normal,gf,NA,2021_08_26,PP,dc_3500_CKDL210018243-1a-AK1334-7UDI292_HH7GMDSX2_L3_1_val_1_bismark_bt2_pe.bismark.cov.gz
liv_3500,liv_3500,3500,129svev,WT,None,9,M,LIV,LIV,normal,gf,NA,2021_08_26,PP,liv_3500_CKDL210018244-1a-GB07-AK1880_HH7GMDSX2_L4_1_val_1_bismark_bt2_pe.bismark.cov.gz
pc_3500,pc_3500,3500,129svev,WT,None,9,M,COL,PCOL,normal,gf,NA,2021_08_26,PP,pc_3500_CKDL210018244-1a-GE09-AK1954_HH7GMDSX2_L4_1_val_1_bismark_bt2_pe.bismark.cov.gz
sp_3500,sp_3500,3500,129svev,WT,None,9,M,SPL,SPL,normal,gf,NA,2021_08_26,PP,sp_3500_CKDL210018243-1a-AK898-AK1872_HH7GMDSX2_L3_1_val_1_bismark_bt2_pe.bismark.cov.gz
liv_3507,liv_3507,3507,129svev,WT,None,10,F,LIV,LIV,normal,gf,NA,2021_08_26,PP,liv_3507_CKDL210018244-1a-7UDI254-AK2329_HH7GMDSX2_L4_1_val_1_bismark_bt2_pe.bismark.cov.gz
pc_3507,pc_3507,3507,129svev,WT,None,10,F,COL,PCOL,normal,gf,NA,2021_08_26,PP,pc_3507_CKDL210018244-1a-AK907-AK1864_HH7GMDSX2_L4_1_val_1_bismark_bt2_pe.bismark.cov.gz
sp_3575,sp_3575,3575,129svev,WT,None,9,F,SPL,SPL,normal,gf,NA,2021_08_26,PP,sp_3575_CKDL210018243-1a-AK843-7UDI298_HH7GMDSX2_L3_1_val_1_bismark_bt2_pe.bismark.cov.gz
dc_3586,dc_3586,3586,129svev,WT,None,9,F,COL,DCOL,normal,gf,NA,2021_08_26,PP,dc_3586_CKDL210018243-1a-AK899-AK1873_HH7GMDSX2_L3_1_val_1_bismark_bt2_pe.bismark.cov.gz
sp_3586,sp_3586,3586,129svev,WT,None,9,F,SPL,SPL,normal,gf,NA,2021_08_26,PP,sp_3586_CKDL210018243-1a-AK1853-7UDI283_HH7GMDSX2_L3_1_val_1_bismark_bt2_pe.bismark.cov.gz
dc_4402,dc_4402,4402,129svev,WT,None,10,F,COL,DCOL,normal,gf,NA,2021_08_26,PP,dc_4402_CKDL210018243-1a-AK892-AK1874_HH7GMDSX2_L3_1_val_1_bismark_bt2_pe.bismark.cov.gz
liv_4402,liv_4402,4402,129svev,WT,None,10,F,LIV,LIV,normal,gf,NA,2021_08_26,PP,liv_4402_CKDL210018244-1a-AK863-AK984_HH7GMDSX2_L4_1_val_1_bismark_bt2_pe.bismark.cov.gz
pc_4402,pc_4402,4402,129svev,WT,None,10,F,COL,PCOL,normal,gf,NA,2021_08_26,PP,pc_4402_CKDL210018244-1a-AK234-7UDI274_HH7GMDSX2_L4_1_val_1_bismark_bt2_pe.bismark.cov.gz
liv_4403,liv_4403,4403,129svev,WT,None,10,F,LIV,LIV,normal,gf,NA,2021_08_26,PP,liv_4403_CKDL210018244-1a-7UDI237-AK1867_HH7GMDSX2_L4_1_val_1_bismark_bt2_pe.bismark.cov.gz
pc_4403,pc_4403,4403,129svev,WT,None,10,F,COL,PCOL,normal,gf,NA,2021_08_26,PP,pc_4403_CKDL210018244-1a-AK692-GF10_HH7GMDSX2_L4_1_val_1_bismark_bt2_pe.bismark.cov.gz
dc_4413,dc_4413,4413,129svev,WT,None,3,M,COL,DCOL,normal,gf,NA,2021_08_26,PP,dc_4413_CKDL210018243-1a-AK1875-AK1879_HH7GMDSX2_L3_1_val_1_bismark_bt2_pe.bismark.cov.gz
liv_4413,liv_4413,4413,129svev,WT,None,3,M,LIV,LIV,normal,gf,NA,2021_08_26,PP,liv_4413_CKDL210018243-1a-AK705-GG04_HH7GMDSX2_L3_1_val_1_bismark_bt2_pe.bismark.cov.gz
pc_4413,pc_4413,4413,129svev,WT,None,3,M,COL,PCOL,normal,gf,NA,2021_08_26,PP,pc_4413_CKDL210018244-1a-7UDI193-AK977_HH7GMDSX2_L4_1_val_1_bismark_bt2_pe.bismark.cov.gz
sp_4413,sp_4413,4413,129svev,WT,None,3,M,SPL,SPL,normal,gf,NA,2021_08_26,PP,sp_4413_CKDL210018243-1a-7UDI206-7UDI300_HH7GMDSX2_L3_1_val_1_bismark_bt2_pe.bismark.cov.gz
dc_4423,dc_4423,4423,129svev,WT,None,3,F,COL,DCOL,normal,gf,NA,2021_08_26,PP,dc_4423_CKDL210018243-1a-7UDI258-7UDI248_HH7GMDSX2_L3_1_val_1_bismark_bt2_pe.bismark.cov.gz
liv_4423,liv_4423,4423,129svev,WT,None,3,F,LIV,LIV,normal,gf,NA,2021_08_26,PP,liv_4423_CKDL210018244-1a-AK889-7UDI229_HH7GMDSX2_L4_1_val_1_bismark_bt2_pe.bismark.cov.gz
pc_4423,pc_4423,4423,129svev,WT,None,3,F,COL,PCOL,normal,gf,NA,2021_08_26,PP,pc_4423_CKDL210018244-1a-AK845-GD06_HH7GMDSX2_L4_1_val_1_bismark_bt2_pe.bismark.cov.gz
sp_4423,sp_4423,4423,129svev,WT,None,3,F,SPL,SPL,normal,gf,NA,2021_08_26,PP,sp_4423_CKDL210018243-1a-GH12-GF11_HH7GMDSX2_L3_1_val_1_bismark_bt2_pe.bismark.cov.gz
dc_4431,dc_4431,4431,129svev,WT,None,3,F,COL,DCOL,normal,gf,NA,2021_08_26,PP,dc_4431_CKDL210018243-1a-AK863-AK984_HH7GMDSX2_L3_1_val_1_bismark_bt2_pe.bismark.cov.gz
liv_4431,liv_4431,4431,129svev,WT,None,3,F,LIV,LIV,normal,gf,NA,2021_08_26,PP,liv_4431_CKDL210018244-1a-AK1334-7UDI292_HH7GMDSX2_L4_1_val_1_bismark_bt2_pe.bismark.cov.gz
dc_4434,dc_4434,4434,129svev,WT,None,3,M,COL,DCOL,normal,gf,NA,2021_08_26,PP,dc_4434_CKDL210018243-1a-7UDI237-AK1867_HH7GMDSX2_L3_1_val_1_bismark_bt2_pe.bismark.cov.gz
liv_4434,liv_4434,4434,129svev,WT,None,3,M,LIV,LIV,normal,gf,NA,2021_08_26,PP,liv_4434_CKDL210018244-1a-7UDI258-7UDI248_HH7GMDSX2_L4_1_val_1_bismark_bt2_pe.bismark.cov.gz
dc_4436,dc_4436,4436,129svev,WT,None,3,M,COL,DCOL,normal,gf,NA,2021_08_26,PP,dc_4436_CKDL210018243-1a-7UDI254-AK2329_HH7GMDSX2_L3_1_val_1_bismark_bt2_pe.bismark.cov.gz
liv_4436,liv_4436,4436,129svev,WT,None,3,M,LIV,LIV,normal,gf,NA,2021_08_26,PP,liv_4436_CKDL210018244-1a-AK899-AK1873_HH7GMDSX2_L4_1_val_1_bismark_bt2_pe.bismark.cov.gz
pc_4436,pc_4436,4436,129svev,WT,None,3,M,COL,PCOL,normal,gf,NA,2021_08_26,PP,pc_4436_CKDL210018244-1a-7UDI223-AK2147_HH7GMDSX2_L4_1_val_1_bismark_bt2_pe.bismark.cov.gz
sp_4436,sp_4436,4436,129svev,WT,None,3,M,SPL,SPL,normal,gf,NA,2021_08_26,PP,sp_4436_CKDL210018243-1a-AK690-7UDI304_HH7GMDSX2_L3_1_val_1_bismark_bt2_pe.bismark.cov.gz
dc_4462,dc_4462,4462,129svev,WT,None,3,F,COL,DCOL,normal,gf,NA,2021_08_26,PP,dc_4462_CKDL210018243-1a-GB07-AK1880_HH7GMDSX2_L3_1_val_1_bismark_bt2_pe.bismark.cov.gz
liv_4462,liv_4462,4462,129svev,WT,None,3,F,LIV,LIV,normal,gf,NA,2021_08_26,PP,liv_4462_CKDL210018244-1a-AK850-AK2430_HH7GMDSX2_L4_1_val_1_bismark_bt2_pe.bismark.cov.gz
pc_4462,pc_4462,4462,129svev,WT,None,3,F,COL,PCOL,normal,gf,NA,2021_08_26,PP,pc_4462_CKDL210018244-1a-GA08-GE05_HH7GMDSX2_L4_1_val_1_bismark_bt2_pe.bismark.cov.gz
sp_4462,sp_4462,4462,129svev,WT,None,3,F,SPL,SPL,normal,gf,NA,2021_08_26,PP,sp_4462_CKDL210018244-1a-AK897-AK1871_HH7GMDSX2_L4_1_val_1_bismark_bt2_pe.bismark.cov.gz
dc_4479,dc_4479,4479,129svev,WT,None,2,F,COL,DCOL,normal,gf,NA,2021_08_26,PP,dc_4479_CKDL210018243-1a-AK706-7UDI245_HH7GMDSX2_L3_1_val_1_bismark_bt2_pe.bismark.cov.gz
liv_4479,liv_4479,4479,129svev,WT,None,2,F,LIV,LIV,normal,gf,NA,2021_08_26,PP,liv_4479_CKDL210018244-1a-AK1863-GA03_HH7GMDSX2_L4_1_val_1_bismark_bt2_pe.bismark.cov.gz
pc_4479,pc_4479,4479,129svev,WT,None,2,F,COL,PCOL,normal,gf,NA,2021_08_26,PP,pc_4479_CKDL210018244-1a-7UDI280-AK890_HH7GMDSX2_L4_1_val_1_bismark_bt2_pe.bismark.cov.gz
sp_4479,sp_4479,4479,129svev,WT,None,2,F,SPL,SPL,normal,gf,NA,2021_08_26,PP,sp_4479_CKDL210018244-1a-AK903-GH07_HH7GMDSX2_L4_1_val_1_bismark_bt2_pe.bismark.cov.gz
dc_4480,dc_4480,4480,129svev,WT,None,3,F,COL,DCOL,normal,gf,NA,2021_08_26,PP,dc_4480_CKDL210018243-1a-7UDI315-AK895_HH7GMDSX2_L3_1_val_1_bismark_bt2_pe.bismark.cov.gz
liv_4480,liv_4480,4480,129svev,WT,None,3,F,LIV,LIV,normal,gf,NA,2021_08_26,PP,liv_4480_CKDL210018244-1a-AK2045-AK2431_HH7GMDSX2_L4_1_val_1_bismark_bt2_pe.bismark.cov.gz
pc_4480,pc_4480,4480,129svev,WT,None,3,F,COL,PCOL,normal,gf,NA,2021_08_26,PP,pc_4480_CKDL210018244-1a-7UDI302-AK1849_HH7GMDSX2_L4_1_val_1_bismark_bt2_pe.bismark.cov.gz
sp_4480,sp_4480,4480,129svev,WT,None,3,F,SPL,SPL,normal,gf,NA,2021_08_26,PP,sp_4480_CKDL210018243-1a-AK1868-AK1852_HH7GMDSX2_L3_1_val_1_bismark_bt2_pe.bismark.cov.gz
dc_4928,dc_4928,4928,129svev,WT,None,19,F,COL,DCOL,normal,gf,NA,2021_08_26,PP,dc_4928_CKDL210018244-1a-AK690-7UDI304_HH7GMDSX2_L4_1_val_1_bismark_bt2_pe.bismark.cov.gz
liv_4928,liv_4928,4928,129svev,WT,None,19,F,LIV,LIV,normal,gf,NA,2021_08_26,PP,liv_4928_CKDL210018244-1a-AK1846-AK2161_HH7GMDSX2_L4_1_val_1_bismark_bt2_pe.bismark.cov.gz
pc_4928,pc_4928,4928,129svev,WT,None,19,F,COL,PCOL,normal,gf,NA,2021_08_26,PP,pc_4928_CKDL210018244-1a-AK843-7UDI298_HH7GMDSX2_L4_1_val_1_bismark_bt2_pe.bismark.cov.gz
sp_4928,sp_4928,4928,129svev,WT,None,19,F,SPL,SPL,normal,gf,NA,2021_08_26,PP,sp_4928_CKDL210018243-1a-GA08-GE05_HH7GMDSX2_L3_1_val_1_bismark_bt2_pe.bismark.cov.gz
dc_4947,dc_4947,4947,129svev,WT,None,18,M,COL,DCOL,normal,gf,NA,2021_08_26,PP,dc_4947_CKDL210018244-1a-7UDI228-7UDI200_HH7GMDSX2_L4_1_val_1_bismark_bt2_pe.bismark.cov.gz
liv_4947,liv_4947,4947,129svev,WT,None,18,M,LIV,LIV,normal,gf,NA,2021_08_26,PP,liv_4947_CKDL210018244-1a-AK1868-AK1852_HH7GMDSX2_L4_1_val_1_bismark_bt2_pe.bismark.cov.gz
pc_4947,pc_4947,4947,129svev,WT,None,18,M,COL,PCOL,normal,gf,NA,2021_08_26,PP,pc_4947_CKDL210018244-1a-AK898-AK1872_HH7GMDSX2_L4_1_val_1_bismark_bt2_pe.bismark.cov.gz
sp_4947,sp_4947,4947,129svev,WT,None,18,M,SPL,SPL,normal,gf,NA,2021_08_26,PP,sp_4947_CKDL210018244-1a-7UDI301-AK1847_HH7GMDSX2_L4_1_val_1_bismark_bt2_pe.bismark.cov.gz
dc_4965,dc_4965,4965,129svev,WT,None,16,M,COL,DCOL,normal,gf,NA,2021_08_26,PP,dc_4965_CKDL210018244-1a-AK1853-7UDI283_HH7GMDSX2_L4_1_val_1_bismark_bt2_pe.bismark.cov.gz
liv_4965,liv_4965,4965,129svev,WT,None,16,M,LIV,LIV,normal,gf,NA,2021_08_26,PP,liv_4965_CKDL210018243-1a-7UDI302-AK1849_HH7GMDSX2_L3_1_val_1_bismark_bt2_pe.bismark.cov.gz
pc_4965,pc_4965,4965,129svev,WT,None,16,M,COL,PCOL,normal,gf,NA,2021_08_26,PP,pc_4965_CKDL210018244-1a-AK844-AK1878_HH7GMDSX2_L4_1_val_1_bismark_bt2_pe.bismark.cov.gz
sp_4965,sp_4965,4965,129svev,WT,None,16,M,SPL,SPL,normal,gf,NA,2021_08_26,PP,sp_4965_CKDL210018244-1a-7UDI222-GG03_HH7GMDSX2_L4_1_val_1_bismark_bt2_pe.bismark.cov.gz
dc_4970,dc_4970,4970,129svev,WT,None,18,M,COL,DCOL,normal,gf,NA,2021_08_26,PP,dc_4970_CKDL210018244-1a-AK2044-AK1952_HH7GMDSX2_L4_1_val_1_bismark_bt2_pe.bismark.cov.gz
liv_4970,liv_4970,4970,129svev,WT,None,18,M,LIV,LIV,normal,gf,NA,2021_08_26,PP,liv_4970_CKDL210018243-1a-AK903-GH07_HH7GMDSX2_L3_1_val_1_bismark_bt2_pe.bismark.cov.gz
pc_4970,pc_4970,4970,129svev,WT,None,18,M,COL,PCOL,normal,gf,NA,2021_08_26,PP,pc_4970_CKDL210018244-1a-GH12-GF11_HH7GMDSX2_L4_1_val_1_bismark_bt2_pe.bismark.cov.gz
sp_4970,sp_4970,4970,129svev,WT,None,18,M,SPL,SPL,normal,gf,NA,2021_08_26,PP,sp_4970_CKDL210018243-1a-AK1881-AK2149_HH7GMDSX2_L3_1_val_1_bismark_bt2_pe.bismark.cov.gz
dt_5137,dt_5137,5137,129svev,ApcMin/IL10KO,None,7,F,COL,DCOL,tumor,consortium,NA,2021_12_07,PP,dt_5137_sL_1_val_1_bismark_bt2_pe.bismark.cov.gz
dt_5140,dt_5140,5140,129svev,ApcMin/IL10KO,None,7,F,COL,DCOL,tumor,consortium,NA,2021_12_07,PP,dt_5140_sL_1_val_1_bismark_bt2_pe.bismark.cov.gz
dm_5631,dm_5631,5631,129svev,ApcMin/IL10KO,None,7,F,COL,DCOL,normal,consortium,NA,2021_12_07,PP,dm_5631_sL_1_val_1_bismark_bt2_pe.bismark.cov.gz
pm_5631,pm_5631,5631,129svev,ApcMin/IL10KO,None,7,F,COL,PCOL,normal,consortium,NA,2021_12_07,PP,pm_5631_sL_1_val_1_bismark_bt2_pe.bismark.cov.gz
dt_5633,dt_5633,5633,129svev,ApcMin/IL10KO,None,7,F,COL,DCOL,tumor,consortium,NA,2021_12_07,PP,dt_5633_sL_1_val_1_bismark_bt2_pe.bismark.cov.gz
dt_5642,dt_5642,5642,129svev,ApcMin/IL10KO,None,7,M,COL,DCOL,tumor,consortium,NA,2021_12_07,PP,dt_5642_sL_1_val_1_bismark_bt2_pe.bismark.cov.gz
dt_5643,dt_5643,5643,129svev,ApcMin/IL10KO,None,7,M,COL,DCOL,tumor,consortium,NA,2021_12_07,PP,dt_5643_sL_1_val_1_bismark_bt2_pe.bismark.cov.gz
dt_5646,dt_5646,5646,129svev,ApcMin/IL10KO,None,7,F,COL,DCOL,tumor,consortium,NA,2021_12_07,PP,dt_5646_sL_1_val_1_bismark_bt2_pe.bismark.cov.gz
dt_5650,dt_5650,5650,129svev,ApcMin/IL10KO,None,7,M,COL,DCOL,tumor,consortium,NA,2021_12_07,PP,dt_5650_sL_1_val_1_bismark_bt2_pe.bismark.cov.gz
dt_6498,dt_6498,6498,129svev,ApcMin/IL10KO,None,6,M,COL,DCOL,tumor,consortium,NA,2021_12_07,PP,dt_6498_sL_1_val_1_bismark_bt2_pe.bismark.cov.gz
dc_m1,dc_m1,1001,129svev,WT,None,4,M,COL,DCOL,normal,wt,NA,2022_06_01,PP,dc_f1_CKDL220012247-1a-AK985-AK987_HY7T3DSX3_L4_1_val_1_bismark_bt2_pe.bismark.cov.gz
lv_m1,lv_m1,1001,129svev,WT,None,4,M,LIV,LIV,normal,wt,NA,2022_06_01,PP,lv_f1_CKDL220012247-1a-GF10-AK692_HY7T3DSX3_L4_1_val_1_bismark_bt2_pe.bismark.cov.gz
pc_m1,pc_m1,1001,129svev,WT,None,4,M,COL,PCOL,normal,wt,NA,2022_06_01,PP,pc_f1_CKDL220012247-1a-GH03-AK494_HY7T3DSX3_L4_1_val_1_bismark_bt2_pe.bismark.cov.gz
sp_m1,sp_m1,1001,129svev,WT,None,4,M,SPL,SPL,normal,wt,NA,2022_06_01,PP,sp_f1_CKDL220012247-1a-AK847-AK869_HY7T3DSX3_L4_1_val_1_bismark_bt2_pe.bismark.cov.gz
dc_m2,dc_m2,1002,129svev,WT,None,4,M,COL,DCOL,normal,wt,NA,2022_06_01,PP,dc_f2_CKDL220012247-1a-AK1847-7UDI301_HY7T3DSX3_L4_1_val_1_bismark_bt2_pe.bismark.cov.gz
lv_m2,lv_m2,1002,129svev,WT,None,4,M,LIV,LIV,normal,wt,NA,2022_06_01,PP,lv_f2_CKDL220012247-1a-AK1864-AK907_HY7T3DSX3_L4_1_val_1_bismark_bt2_pe.bismark.cov.gz
pc_m2,pc_m2,1002,129svev,WT,None,4,M,COL,PCOL,normal,wt,NA,2022_06_01,PP,pc_f2_CKDL220012247-1a-AK1871-AK897_HY7T3DSX3_L4_1_val_1_bismark_bt2_pe.bismark.cov.gz
sp_m2,sp_m2,1002,129svev,WT,None,4,M,SPL,SPL,normal,wt,NA,2022_06_01,PP,sp_f2_CKDL220012247-1a-AK1954-GE09_HY7T3DSX3_L4_1_val_1_bismark_bt2_pe.bismark.cov.gz
dc_m3,dc_m3,1003,129svev,WT,None,4,M,COL,DCOL,normal,wt,NA,2022_06_01,PP,dc_m3_CKDL220012247-1a-AK2147-7UDI223_HY7T3DSX3_L4_1_val_1_bismark_bt2_pe.bismark.cov.gz
lv_m3,lv_m3,1003,129svev,WT,None,4,M,LIV,LIV,normal,wt,NA,2022_06_01,PP,lv_m3_CKDL220012247-1a-GD06-AK845_HY7T3DSX3_L4_1_val_1_bismark_bt2_pe.bismark.cov.gz
pc_m3,pc_m3,1003,129svev,WT,None,4,M,COL,PCOL,normal,wt,NA,2022_06_01,PP,pc_m3_CKDL220012247-1a-AK1852-AK1868_HY7T3DSX3_L4_1_val_1_bismark_bt2_pe.bismark.cov.gz
sp_m3,sp_m3,1003,129svev,WT,None,4,M,SPL,SPL,normal,wt,NA,2022_06_01,PP,sp_m3_CKDL220012247-1a-GA09-GE08_HY7T3DSX3_L4_1_val_1_bismark_bt2_pe.bismark.cov.gz
dc_m4,dc_m4,1004,129svev,WT,None,4,M,COL,DCOL,normal,wt,NA,2022_06_01,PP,dc_m4_CKDL220012247-1a-7UDI274-AK234_HY7T3DSX3_L4_1_val_1_bismark_bt2_pe.bismark.cov.gz
lv_m4,lv_m4,1004,129svev,WT,None,4,M,LIV,LIV,normal,wt,NA,2022_06_01,PP,lv_m4_CKDL220012247-1a-GG04-AK705_HY7T3DSX3_L4_1_val_1_bismark_bt2_pe.bismark.cov.gz
pc_m4,pc_m4,1004,129svev,WT,None,4,M,COL,PCOL,normal,wt,NA,2022_06_01,PP,pc_m4_CKDL220012247-1a-AK1849-7UDI302_HY7T3DSX3_L4_1_val_1_bismark_bt2_pe.bismark.cov.gz
sp_m4,sp_m4,1004,129svev,WT,None,4,M,SPL,SPL,normal,wt,NA,2022_06_01,PP,sp_m4_CKDL220012247-1a-AK2149-AK1881_HY7T3DSX3_L4_1_val_1_bismark_bt2_pe.bismark.cov.gz
dc_f1,dc_f1,2001,129svev,WT,None,4,F,COL,DCOL,normal,wt,NA,2022_06_01,PP,dc_m1_CKDL220012247-1a-AK2161-AK1846_HY7T3DSX3_L4_1_val_1_bismark_bt2_pe.bismark.cov.gz
lv_f1,lv_f1,2001,129svev,WT,None,4,F,LIV,LIV,normal,wt,NA,2022_06_01,PP,lv_m1_CKDL220012247-1a-AK900-7UDI293_HY7T3DSX3_L4_1_val_1_bismark_bt2_pe.bismark.cov.gz
pc_f1,pc_f1,2001,129svev,WT,None,4,F,COL,PCOL,normal,wt,NA,2022_06_01,PP,pc_m1_CKDL220012247-1a-GG03-7UDI222_HY7T3DSX3_L4_1_val_1_bismark_bt2_pe.bismark.cov.gz
sp_f1,sp_f1,2001,129svev,WT,None,4,F,SPL,SPL,normal,wt,NA,2022_06_01,PP,sp_m1_CKDL220012247-1a-7UDI300-7UDI206_HY7T3DSX3_L4_1_val_1_bismark_bt2_pe.bismark.cov.gz
dc_f2,dc_f2,2002,129svev,WT,None,4,F,COL,DCOL,normal,wt,NA,2022_06_01,PP,dc_m2_CKDL220012247-1a-AK977-7UDI193_HY7T3DSX3_L4_1_val_1_bismark_bt2_pe.bismark.cov.gz
lv_f2,lv_f2,2002,129svev,WT,None,4,F,LIV,LIV,normal,wt,NA,2022_06_01,PP,lv_m2_CKDL220012247-1a-AK890-7UDI280_HY7T3DSX3_L4_1_val_1_bismark_bt2_pe.bismark.cov.gz
pc_f2,pc_f2,2002,129svev,WT,None,4,F,COL,PCOL,normal,wt,NA,2022_06_01,PP,pc_m2_CKDL220012247-1a-GH07-AK903_HY7T3DSX3_L4_1_val_1_bismark_bt2_pe.bismark.cov.gz
sp_f2,sp_f2,2002,129svev,WT,None,4,F,SPL,SPL,normal,wt,NA,2022_06_01,PP,sp_m2_CKDL220012247-1a-GE05-GA08_HY7T3DSX3_L4_1_val_1_bismark_bt2_pe.bismark.cov.gz
dm4691,dm4691,4691,129svev,ApcMin/IL10KO,None,8,F,COL,DCOL,normal,gf,NA,2022_06_01,PP,dm4691_CKDL220012247-1a-AK1872-AK898_HY7T3DSX3_L4_1_val_1_bismark_bt2_pe.bismark.cov.gz
pm4691,pm4691,4691,129svev,ApcMin/IL10KO,None,8,F,COL,PCOL,normal,gf,NA,2022_06_01,PP,pm4691_CKDL220012247-1a-AK2431-AK2045_HY7T3DSX3_L4_1_val_1_bismark_bt2_pe.bismark.cov.gz
dm5137,dm5137,5137,129svev,ApcMin/IL10KO,None,7,F,COL,DCOL,normal,consortium,NA,2022_06_01,PP,dm5137_CKDL220012247-1a-7UDI248-7UDI258_HY7T3DSX3_L4_1_val_1_bismark_bt2_pe.bismark.cov.gz
pm5137,pm5137,5137,129svev,ApcMin/IL10KO,None,7,F,COL,PCOL,normal,consortium,NA,2022_06_01,PP,pm5137_CKDL220012247-1a-AK1874-AK892_HY7T3DSX3_L4_1_val_1_bismark_bt2_pe.bismark.cov.gz
dm5140,dm5140,5140,129svev,ApcMin/IL10KO,None,7,F,COL,DCOL,normal,consortium,NA,2022_06_01,PP,dm5140_CKDL220012247-1a-AK1879-AK1875_HY7T3DSX3_L4_1_val_1_bismark_bt2_pe.bismark.cov.gz
pm5140,pm5140,5140,129svev,ApcMin/IL10KO,None,7,F,COL,PCOL,normal,consortium,NA,2022_06_01,PP,pm5140_CKDL220012247-1a-AK895-7UDI315_HY7T3DSX3_L4_1_val_1_bismark_bt2_pe.bismark.cov.gz
dm5335,dm5335,5335,129svev,ApcMin,DSS,4,M,COL,DCOL,normal,consortium,NA,2022_06_01,PP,dm5335_CKDL220012245-1a-7UDI258-7UDI248_HY7T3DSX3_L2_1_val_1_bismark_bt2_pe.bismark.cov.gz
dt5335,dt5335,5335,129svev,ApcMin,DSS,4,F,COL,DCOL,tumor,consortium,NA,2022_06_01,PP,dt5335_CKDL220012245-1a-AK890-7UDI280_HY7T3DSX3_L2_1_val_1_bismark_bt2_pe.bismark.cov.gz
pm5335,pm5335,5335,129svev,ApcMin,DSS,4,M,COL,PCOL,normal,consortium,NA,2022_06_01,PP,pm5335_CKDL220012245-1a-7UDI315-AK895_HY7T3DSX3_L2_1_val_1_bismark_bt2_pe.bismark.cov.gz
dm5463,dm5463,5463,129svev,ApcMin,DSS,5,F,COL,DCOL,normal,consortium_um149,NA,2022_06_01,PP,dm5463_CKDL220012245-1a-AK692-GF10_HY7T3DSX3_L2_1_val_1_bismark_bt2_pe.bismark.cov.gz
pm5463,pm5463,5463,129svev,ApcMin,DSS,5,F,COL,PCOL,normal,consortium_um149,NA,2022_06_01,PP,pm5463_CKDL220012245-1a-AK690-7UDI304_HY7T3DSX3_L2_1_val_1_bismark_bt2_pe.bismark.cov.gz
dm5465,dm5465,5465,129svev,ApcMin,DSS,4,M,COL,DCOL,normal,consortium_um149,NA,2022_06_01,PP,dm5465_CKDL220012245-1a-AK869-AK847_HY7T3DSX3_L2_1_val_1_bismark_bt2_pe.bismark.cov.gz
dt5465,dt5465,5465,129svev,ApcMin,DSS,4,M,COL,DCOL,tumor,consortium_um149,NA,2022_06_01,PP,dt5465_CKDL220012245-1a-AK889-7UDI229_HY7T3DSX3_L2_1_val_1_bismark_bt2_pe.bismark.cov.gz
pm5465,pm5465,5465,129svev,ApcMin,DSS,4,M,COL,PCOL,normal,consortium_um149,NA,2022_06_01,PP,pm5465_CKDL220012245-1a-AK1853-7UDI283_HY7T3DSX3_L2_1_val_1_bismark_bt2_pe.bismark.cov.gz
dm5468,dm5468,5468,129svev,ApcMin,DSS,4,M,COL,DCOL,normal,consortium_um149,NA,2022_06_01,PP,dm5468_CKDL220012245-1a-AK907-AK1864_HY7T3DSX3_L2_1_val_1_bismark_bt2_pe.bismark.cov.gz
dt5468,dt5468,5468,129svev,ApcMin,DSS,4,M,COL,DCOL,tumor,consortium_um149,NA,2022_06_01,PP,dt5468_CKDL220012245-1a-AK1863-GA03_HY7T3DSX3_L2_1_val_1_bismark_bt2_pe.bismark.cov.gz
pm5468,pm5468,5468,129svev,ApcMin,DSS,4,M,COL,PCOL,normal,consortium_um149,NA,2022_06_01,PP,pm5468_CKDL220012245-1a-7UDI228-7UDI200_HY7T3DSX3_L2_1_val_1_bismark_bt2_pe.bismark.cov.gz
dm5479,dm5479,5479,129svev,ApcMin,DSS,6,M,COL,DCOL,normal,consortium,NA,2022_06_01,PP,dm5479_CKDL220012245-1a-AK706-7UDI245_HY7T3DSX3_L2_1_val_1_bismark_bt2_pe.bismark.cov.gz
pm5479,pm5479,5479,129svev,ApcMin,DSS,6,M,COL,PCOL,normal,consortium,NA,2022_06_01,PP,pm5479_CKDL220012245-1a-AK900-7UDI293_HY7T3DSX3_L2_1_val_1_bismark_bt2_pe.bismark.cov.gz
dm5481,dm5481,5481,129svev,ApcMin,DSS,6,M,COL,DCOL,normal,consortium,NA,2022_06_01,PP,dm5481_CKDL220012245-1a-7UDI237-AK1867_HY7T3DSX3_L2_1_val_1_bismark_bt2_pe.bismark.cov.gz
pm5481,pm5481,5481,129svev,ApcMin,DSS,6,M,COL,PCOL,normal,consortium,NA,2022_06_01,PP,pm5481_CKDL220012245-1a-GB07-AK1880_HY7T3DSX3_L2_1_val_1_bismark_bt2_pe.bismark.cov.gz
dm5486,dm5486,5486,129svev,ApcMin,DSS,4,M,COL,DCOL,normal,consortium,NA,2022_06_01,PP,dm5486_CKDL220012245-1a-AK863-AK984_HY7T3DSX3_L2_1_val_1_bismark_bt2_pe.bismark.cov.gz
dt5486,dt5486,5486,129svev,ApcMin,DSS,4,M,COL,DCOL,tumor,consortium,NA,2022_06_01,PP,dt5486_CKDL220012245-1a-GD06-AK845_HY7T3DSX3_L2_1_val_1_bismark_bt2_pe.bismark.cov.gz
pm5486,pm5486,5486,129svev,ApcMin,DSS,4,M,COL,PCOL,normal,consortium,NA,2022_06_01,PP,pm5486_CKDL220012245-1a-AK892-AK1874_HY7T3DSX3_L2_1_val_1_bismark_bt2_pe.bismark.cov.gz
dm5499,dm5499,5499,129svev,ApcMin,DSS,5,M,COL,DCOL,normal,consortium_um149,NA,2022_06_01,PP,dm5499_CKDL220012245-1a-GE09-AK1954_HY7T3DSX3_L2_1_val_1_bismark_bt2_pe.bismark.cov.gz
dt5499,dt5499,5499,129svev,ApcMin,DSS,5,M,COL,DCOL,tumor,consortium_um149,NA,2022_06_01,PP,dt5499_CKDL220012245-1a-AK850-AK2430_HY7T3DSX3_L2_1_val_1_bismark_bt2_pe.bismark.cov.gz
pm5499,pm5499,5499,129svev,ApcMin,DSS,5,M,COL,PCOL,normal,consortium_um149,NA,2022_06_01,PP,pm5499_CKDL220012245-1a-AK2044-AK1952_HY7T3DSX3_L2_1_val_1_bismark_bt2_pe.bismark.cov.gz
dm5642,dm5642,5642,129svev,ApcMin/IL10KO,None,7,M,COL,DCOL,normal,consortium,NA,2022_06_01,PP,dm5642_CKDL220012247-1a-AK1873-AK899_HY7T3DSX3_L4_1_val_1_bismark_bt2_pe.bismark.cov.gz
pm5642,pm5642,5642,129svev,ApcMin/IL10KO,None,7,M,COL,PCOL,normal,consortium,NA,2022_06_01,PP,pm5642_CKDL220012247-1a-7UDI245-AK706_HY7T3DSX3_L4_1_val_1_bismark_bt2_pe.bismark.cov.gz
dm5643,dm5643,5643,129svev,ApcMin/IL10KO,None,7,M,COL,DCOL,normal,consortium,NA,2022_06_01,PP,dm5643_CKDL220012247-1a-7UDI292-AK1334_HY7T3DSX3_L4_1_val_1_bismark_bt2_pe.bismark.cov.gz
pm5643,pm5643,5643,129svev,ApcMin/IL10KO,None,7,M,COL,PCOL,normal,consortium,NA,2022_06_01,PP,pm5643_CKDL220012247-1a-AK2329-7UDI254_HY7T3DSX3_L4_1_val_1_bismark_bt2_pe.bismark.cov.gz
dm5646,dm5646,5646,129svev,ApcMin/IL10KO,None,7,F,COL,DCOL,normal,consortium,NA,2022_06_01,PP,dm5646_CKDL220012247-1a-AK984-AK863_HY7T3DSX3_L4_1_val_1_bismark_bt2_pe.bismark.cov.gz
pm5646,pm5646,5646,129svev,ApcMin/IL10KO,None,7,F,COL,PCOL,normal,consortium,NA,2022_06_01,PP,pm5646_CKDL220012247-1a-AK1880-GB07_HY7T3DSX3_L4_1_val_1_bismark_bt2_pe.bismark.cov.gz
dm5650,dm5650,5650,129svev,ApcMin/IL10KO,None,7,M,COL,DCOL,normal,consortium,NA,2022_06_01,PP,dm5650_CKDL220012247-1a-AK1867-7UDI237_HY7T3DSX3_L4_1_val_1_bismark_bt2_pe.bismark.cov.gz
pm5650,pm5650,5650,129svev,ApcMin/IL10KO,None,7,M,COL,PCOL,normal,consortium,NA,2022_06_01,PP,pm5650_CKDL220012247-1a-GD05-GC10_HY7T3DSX3_L4_1_val_1_bismark_bt2_pe.bismark.cov.gz
dm5695,dm5695,5695,129svev,ApcMin/IL10KO,None,8,F,COL,DCOL,normal,gf,NA,2022_06_01,PP,dm5695_CKDL220012247-1a-7UDI298-AK843_HY7T3DSX3_L4_1_val_1_bismark_bt2_pe.bismark.cov.gz
pm5695,pm5695,5695,129svev,ApcMin/IL10KO,None,8,F,COL,PCOL,normal,gf,NA,2022_06_01,PP,pm5695_CKDL220012247-1a-AK2430-AK850_HY7T3DSX3_L4_1_val_1_bismark_bt2_pe.bismark.cov.gz
dm5696,dm5696,5696,129svev,ApcMin/IL10KO,None,8,F,COL,DCOL,normal,gf,NA,2022_06_01,PP,dm5696_CKDL220012247-1a-AK1952-AK2044_HY7T3DSX3_L4_1_val_1_bismark_bt2_pe.bismark.cov.gz
pm5696,pm5696,5696,129svev,ApcMin/IL10KO,None,8,F,COL,PCOL,normal,gf,NA,2022_06_01,PP,pm5696_CKDL220012247-1a-7UDI229-AK889_HY7T3DSX3_L4_1_val_1_bismark_bt2_pe.bismark.cov.gz
dm5698,dm5698,5698,129svev,ApcMin/IL10KO,None,8,F,COL,DCOL,normal,gf,NA,2022_06_01,PP,dm5698_CKDL220012247-1a-7UDI283-AK1853_HY7T3DSX3_L4_1_val_1_bismark_bt2_pe.bismark.cov.gz
pm5698,pm5698,5698,129svev,ApcMin/IL10KO,None,8,F,COL,PCOL,normal,gf,NA,2022_06_01,PP,pm5698_CKDL220012247-1a-GA03-AK1863_HY7T3DSX3_L4_1_val_1_bismark_bt2_pe.bismark.cov.gz
dm5699,dm5699,5699,129svev,ApcMin/IL10KO,None,8,M,COL,DCOL,normal,gf,NA,2022_06_01,PP,dm5699_CKDL220012247-1a-7UDI200-7UDI228_HY7T3DSX3_L4_1_val_1_bismark_bt2_pe.bismark.cov.gz
pm5699,pm5699,5699,129svev,ApcMin/IL10KO,None,8,M,COL,PCOL,normal,gf,NA,2022_06_01,PP,pm5699_CKDL220012247-1a-GF11-GH12_HY7T3DSX3_L4_1_val_1_bismark_bt2_pe.bismark.cov.gz
dm5700,dm5700,5700,129svev,ApcMin/IL10KO,None,8,M,COL,DCOL,normal,gf,NA,2022_06_01,PP,dm5700_CKDL220012247-1a-7UDI304-AK690_HY7T3DSX3_L4_1_val_1_bismark_bt2_pe.bismark.cov.gz
pm5700,pm5700,5700,129svev,ApcMin/IL10KO,None,8,M,COL,PCOL,normal,gf,NA,2022_06_01,PP,pm5700_CKDL220012247-1a-AK1878-AK844_HY7T3DSX3_L4_1_val_1_bismark_bt2_pe.bismark.cov.gz
dc5760,dc5760,5760,c57bl6,WT,None,12,F,COL,DCOL,normal,gf,NA,2022_06_01,PP,dc5760_CKDL220012246-1a-AK977-7UDI193_HY7T3DSX3_L3_1_val_1_bismark_bt2_pe.bismark.cov.gz
lv5760,lv5760,5760,c57bl6,WT,None,12,F,LIV,LIV,normal,gf,NA,2022_06_01,PP,lv5760_CKDL220012246-1a-AK898-AK1872_HY7T3DSX3_L3_1_val_1_bismark_bt2_pe.bismark.cov.gz
pc5760,pc5760,5760,c57bl6,WT,None,12,F,COL,PCOL,normal,gf,NA,2022_06_01,PP,pc5760_CKDL220012246-1a-AK892-AK1874_HY7T3DSX3_L3_1_val_1_bismark_bt2_pe.bismark.cov.gz
sp5760,sp5760,5760,c57bl6,WT,None,12,F,SPL,SPL,normal,gf,NA,2022_06_01,PP,sp5760_CKDL220012246-1a-7UDI193-AK977_HY7T3DSX3_L3_1_val_1_bismark_bt2_pe.bismark.cov.gz
dc5778,dc5778,5778,c57bl6,WT,None,10,F,COL,DCOL,normal,gf,NA,2022_06_01,PP,dc5778_CKDL220012246-1a-AK2161-AK1846_HY7T3DSX3_L3_1_val_1_bismark_bt2_pe.bismark.cov.gz
lv5778,lv5778,5778,c57bl6,WT,None,10,F,LIV,LIV,normal,gf,NA,2022_06_01,PP,lv5778_CKDL220012246-1a-AK2044-AK1952_HY7T3DSX3_L3_1_val_1_bismark_bt2_pe.bismark.cov.gz
pc5778,pc5778,5778,c57bl6,WT,None,10,F,COL,PCOL,normal,gf,NA,2022_06_01,PP,pc5778_CKDL220012246-1a-AK706-7UDI245_HY7T3DSX3_L3_1_val_1_bismark_bt2_pe.bismark.cov.gz
sp5778,sp5778,5778,c57bl6,WT,None,10,F,SPL,SPL,normal,gf,NA,2022_06_01,PP,sp5778_CKDL220012246-1a-AK1846-AK2161_HY7T3DSX3_L3_1_val_1_bismark_bt2_pe.bismark.cov.gz
dc5779,dc5779,5779,c57bl6,WT,None,10,F,COL,DCOL,normal,gf,NA,2022_06_01,PP,dc5779_CKDL220012246-1a-AK1852-AK1868_HY7T3DSX3_L3_1_val_1_bismark_bt2_pe.bismark.cov.gz
lv5779,lv5779,5779,c57bl6,WT,None,10,F,LIV,LIV,normal,gf,NA,2022_06_01,PP,lv5779_CKDL220012246-1a-AK1853-7UDI283_HY7T3DSX3_L3_1_val_1_bismark_bt2_pe.bismark.cov.gz
pc5779,pc5779,5779,c57bl6,WT,None,10,F,COL,PCOL,normal,gf,NA,2022_06_01,PP,pc5779_CKDL220012246-1a-AK985-AK987_HY7T3DSX3_L3_1_val_1_bismark_bt2_pe.bismark.cov.gz
sp5779,sp5779,5779,c57bl6,WT,None,10,F,SPL,SPL,normal,gf,NA,2022_06_01,PP,sp5779_CKDL220012246-1a-AK1868-AK1852_HY7T3DSX3_L3_1_val_1_bismark_bt2_pe.bismark.cov.gz
dc5788,dc5788,5788,c57bl6,WT,None,11,F,COL,DCOL,normal,gf,NA,2022_06_01,PP,dc5788_CKDL220012246-1a-AK1849-7UDI302_HY7T3DSX3_L3_1_val_1_bismark_bt2_pe.bismark.cov.gz
lv5788,lv5788,5788,c57bl6,WT,None,11,F,LIV,LIV,normal,gf,NA,2022_06_01,PP,lv5788_CKDL220012246-1a-AK843-7UDI298_HY7T3DSX3_L3_1_val_1_bismark_bt2_pe.bismark.cov.gz
pc5788,pc5788,5788,c57bl6,WT,None,11,F,COL,PCOL,normal,gf,NA,2022_06_01,PP,pc5788_CKDL220012246-1a-7UDI315-AK895_HY7T3DSX3_L3_1_val_1_bismark_bt2_pe.bismark.cov.gz
sp5788,sp5788,5788,c57bl6,WT,None,11,F,SPL,SPL,normal,gf,NA,2022_06_01,PP,sp5788_CKDL220012246-1a-7UDI302-AK1849_HY7T3DSX3_L3_1_val_1_bismark_bt2_pe.bismark.cov.gz
dc5797,dc5797,5797,c57bl6,WT,None,12,F,COL,DCOL,normal,gf,NA,2022_06_01,PP,dc5797_CKDL220012246-1a-AK2147-7UDI223_HY7T3DSX3_L3_1_val_1_bismark_bt2_pe.bismark.cov.gz
lv5797,lv5797,5797,c57bl6,WT,None,12,F,LIV,LIV,normal,gf,NA,2022_06_01,PP,lv5797_CKDL220012246-1a-AK844-AK1878_HY7T3DSX3_L3_1_val_1_bismark_bt2_pe.bismark.cov.gz
pc5797,pc5797,5797,c57bl6,WT,None,12,F,COL,PCOL,normal,gf,NA,2022_06_01,PP,pc5797_CKDL220012246-1a-GB07-AK1880_HY7T3DSX3_L3_1_val_1_bismark_bt2_pe.bismark.cov.gz
sp5797,sp5797,5797,c57bl6,WT,None,12,F,SPL,SPL,normal,gf,NA,2022_06_01,PP,sp5797_CKDL220012246-1a-7UDI223-AK2147_HY7T3DSX3_L3_1_val_1_bismark_bt2_pe.bismark.cov.gz
dc5982,dc5982,5982,c57bl6,WT,None,11,M,COL,DCOL,normal,gf,NA,2022_06_01,PP,dc5982_CKDL220012246-1a-GG03-7UDI222_HY7T3DSX3_L3_1_val_1_bismark_bt2_pe.bismark.cov.gz
lv5982,lv5982,5982,c57bl6,WT,None,11,M,LIV,LIV,normal,gf,NA,2022_06_01,PP,lv5982_CKDL220012246-1a-AK690-7UDI304_HY7T3DSX3_L3_1_val_1_bismark_bt2_pe.bismark.cov.gz
pc5982,pc5982,5982,c57bl6,WT,None,11,M,COL,PCOL,normal,gf,NA,2022_06_01,PP,pc5982_CKDL220012246-1a-AK863-AK984_HY7T3DSX3_L3_1_val_1_bismark_bt2_pe.bismark.cov.gz
sp5982,sp5982,5982,c57bl6,WT,None,11,M,SPL,SPL,normal,gf,NA,2022_06_01,PP,sp5982_CKDL220012246-1a-7UDI222-GG03_HY7T3DSX3_L3_1_val_1_bismark_bt2_pe.bismark.cov.gz
dc5988,dc5988,5988,c57bl6,WT,None,11,F,COL,DCOL,normal,gf,NA,2022_06_01,PP,dc5988_CKDL220012246-1a-GH07-AK903_HY7T3DSX3_L3_1_val_1_bismark_bt2_pe.bismark.cov.gz
lv5988,lv5988,5988,c57bl6,WT,None,11,F,LIV,LIV,normal,gf,NA,2022_06_01,PP,lv5988_CKDL220012246-1a-7UDI228-7UDI200_HY7T3DSX3_L3_1_val_1_bismark_bt2_pe.bismark.cov.gz
pc5988,pc5988,5988,c57bl6,WT,None,11,F,COL,PCOL,normal,gf,NA,2022_06_01,PP,pc5988_CKDL220012246-1a-7UDI237-AK1867_HY7T3DSX3_L3_1_val_1_bismark_bt2_pe.bismark.cov.gz
sp5988,sp5988,5988,c57bl6,WT,None,11,F,SPL,SPL,normal,gf,NA,2022_06_01,PP,sp5988_CKDL220012246-1a-AK903-GH07_HY7T3DSX3_L3_1_val_1_bismark_bt2_pe.bismark.cov.gz
dm6349,dm6349,6349,129svev,ApcMin,DSS,5,M,COL,DCOL,normal,consortium,NA,2022_06_01,PP,dm6349_CKDL220012245-1a-7UDI254-AK2329_HY7T3DSX3_L2_1_val_1_bismark_bt2_pe.bismark.cov.gz
dt6349,dt6349,6349,129svev,ApcMin,DSS,5,M,COL,DCOL,tumor,consortium,NA,2022_06_01,PP,dt6349_CKDL220012245-1a-GG04-AK705_HY7T3DSX3_L2_1_val_1_bismark_bt2_pe.bismark.cov.gz
pm6349,pm6349,6349,129svev,ApcMin,DSS,5,M,COL,PCOL,normal,consortium,NA,2022_06_01,PP,pm6349_CKDL220012245-1a-GC10-GD05_HY7T3DSX3_L2_1_val_1_bismark_bt2_pe.bismark.cov.gz
dm6360,dm6360,6360,129svev,ApcMin,DSS,4,F,COL,DCOL,normal,consortium_um149,NA,2022_06_01,PP,dm6360_CKDL220012245-1a-AK494-GH03_HY7T3DSX3_L2_1_val_1_bismark_bt2_pe.bismark.cov.gz
dt6360,dt6360,6360,129svev,ApcMin,DSS,4,F,COL,DCOL,tumor,consortium_um149,NA,2022_06_01,PP,dt6360_CKDL220012245-1a-AK2045-AK2431_HY7T3DSX3_L2_1_val_1_bismark_bt2_pe.bismark.cov.gz
pm6360,pm6360,6360,129svev,ApcMin,DSS,4,F,COL,PCOL,normal,consortium_um149,NA,2022_06_01,PP,pm6360_CKDL220012245-1a-AK843-7UDI298_HY7T3DSX3_L2_1_val_1_bismark_bt2_pe.bismark.cov.gz
dm6361,dm6361,6361,129svev,ApcMin,DSS,4,M,COL,DCOL,normal,consortium_um149,NA,2022_06_01,PP,dm6361_CKDL220012245-1a-AK897-AK1871_HY7T3DSX3_L2_1_val_1_bismark_bt2_pe.bismark.cov.gz
dt6361,dt6361,6361,129svev,ApcMin,DSS,4,M,COL,DCOL,tumor,consortium_um149,NA,2022_06_01,PP,dt6361_CKDL220012245-1a-AK1334-7UDI292_HY7T3DSX3_L2_1_val_1_bismark_bt2_pe.bismark.cov.gz
pm6361,pm6361,6361,129svev,ApcMin,DSS,4,M,COL,PCOL,normal,consortium_um149,NA,2022_06_01,PP,pm6361_CKDL220012245-1a-AK898-AK1872_HY7T3DSX3_L2_1_val_1_bismark_bt2_pe.bismark.cov.gz
dm6364,dm6364,6364,129svev,ApcMin,DSS,4,M,COL,DCOL,normal,consortium_um149,NA,2022_06_01,PP,dm6364_CKDL220012245-1a-AK987-AK985_HY7T3DSX3_L2_1_val_1_bismark_bt2_pe.bismark.cov.gz
dt6364,dt6364,6364,129svev,ApcMin,DSS,4,M,COL,DCOL,tumor,consortium_um149,NA,2022_06_01,PP,dt6364_CKDL220012245-1a-AK899-AK1873_HY7T3DSX3_L2_1_val_1_bismark_bt2_pe.bismark.cov.gz
pm6364,pm6364,6364,129svev,ApcMin,DSS,4,M,COL,PCOL,normal,consortium_um149,NA,2022_06_01,PP,pm6364_CKDL220012245-1a-AK844-AK1878_HY7T3DSX3_L2_1_val_1_bismark_bt2_pe.bismark.cov.gz
dm6365,dm6365,6365,129svev,ApcMin,DSS,4,M,COL,DCOL,normal,consortium_um149,NA,2022_06_01,PP,dm6365_CKDL220012245-1a-7UDI301-AK1847_HY7T3DSX3_L2_1_val_1_bismark_bt2_pe.bismark.cov.gz
dt6365,dt6365,6365,129svev,ApcMin,DSS,4,M,COL,DCOL,tumor,consortium_um149,NA,2022_06_01,PP,dt6365_CKDL220012245-1a-AK1875-AK1879_HY7T3DSX3_L2_1_val_1_bismark_bt2_pe.bismark.cov.gz
pm6365,pm6365,6365,129svev,ApcMin,DSS,4,M,COL,PCOL,normal,consortium_um149,NA,2022_06_01,PP,pm6365_CKDL220012245-1a-GH12-GF11_HY7T3DSX3_L2_1_val_1_bismark_bt2_pe.bismark.cov.gz
dc6850,dc6850,6850,c57bl6,WT,None,4,M,COL,DCOL,normal,gf,NA,2022_06_01,PP,dc6850_CKDL220012246-1a-GH03-AK494_HY7T3DSX3_L3_1_val_1_bismark_bt2_pe.bismark.cov.gz
lv6850,lv6850,6850,c57bl6,WT,None,4,M,LIV,LIV,normal,gf,NA,2022_06_01,PP,lv6850_CKDL220012246-1a-AK1334-7UDI292_HY7T3DSX3_L3_1_val_1_bismark_bt2_pe.bismark.cov.gz
pc6850,pc6850,6850,c57bl6,WT,None,4,M,COL,PCOL,normal,gf,NA,2022_06_01,PP,pc6850_CKDL220012246-1a-7UDI300-7UDI206_HY7T3DSX3_L3_1_val_1_bismark_bt2_pe.bismark.cov.gz
sp6850,sp6850,6850,c57bl6,WT,None,4,M,SPL,SPL,normal,gf,NA,2022_06_01,PP,sp6850_CKDL220012246-1a-AK494-GH03_HY7T3DSX3_L3_1_val_1_bismark_bt2_pe.bismark.cov.gz
dc6926,dc6926,6926,c57bl6,WT,None,4,M,COL,DCOL,normal,gf,NA,2022_06_01,PP,dc6926_CKDL220012246-1a-AK847-AK869_HY7T3DSX3_L3_1_val_1_bismark_bt2_pe.bismark.cov.gz
lv6926,lv6926,6926,c57bl6,WT,None,4,M,LIV,LIV,normal,gf,NA,2022_06_01,PP,lv6926_CKDL220012246-1a-AK850-AK2430_HY7T3DSX3_L3_1_val_1_bismark_bt2_pe.bismark.cov.gz
pc6926,pc6926,6926,c57bl6,WT,None,4,M,COL,PCOL,normal,gf,NA,2022_06_01,PP,pc6926_CKDL220012246-1a-GD06-AK845_HY7T3DSX3_L3_1_val_1_bismark_bt2_pe.bismark.cov.gz
sp6926,sp6926,6926,c57bl6,WT,None,4,M,SPL,SPL,normal,gf,NA,2022_06_01,PP,sp6926_CKDL220012246-1a-AK869-AK847_HY7T3DSX3_L3_1_val_1_bismark_bt2_pe.bismark.cov.gz
dc6939,dc6939,6939,c57bl6,WT,None,5,M,COL,DCOL,normal,gf,NA,2022_06_01,PP,dc6939_CKDL220012246-1a-AK1871-AK897_HY7T3DSX3_L3_1_val_1_bismark_bt2_pe.bismark.cov.gz
lv6939,lv6939,6939,c57bl6,WT,None,5,M,LIV,LIV,normal,gf,NA,2022_06_01,PP,lv6939_CKDL220012246-1a-AK899-AK1873_HY7T3DSX3_L3_1_val_1_bismark_bt2_pe.bismark.cov.gz
pc6939,pc6939,6939,c57bl6,WT,None,5,M,COL,PCOL,normal,gf,NA,2022_06_01,PP,pc6939_CKDL220012246-1a-GE05-GA08_HY7T3DSX3_L3_1_val_1_bismark_bt2_pe.bismark.cov.gz
sp6939,sp6939,6939,c57bl6,WT,None,5,M,SPL,SPL,normal,gf,NA,2022_06_01,PP,sp6939_CKDL220012246-1a-AK897-AK1871_HY7T3DSX3_L3_1_val_1_bismark_bt2_pe.bismark.cov.gz
dc6976,dc6976,6976,c57bl6,WT,None,4,M,COL,DCOL,normal,gf,NA,2022_06_01,PP,dc6976_CKDL220012246-1a-AK1864-AK907_HY7T3DSX3_L3_1_val_1_bismark_bt2_pe.bismark.cov.gz
lv6976,lv6976,6976,c57bl6,WT,None,4,M,LIV,LIV,normal,gf,NA,2022_06_01,PP,lv6976_CKDL220012246-1a-AK889-7UDI229_HY7T3DSX3_L3_1_val_1_bismark_bt2_pe.bismark.cov.gz
pc6976,pc6976,6976,c57bl6,WT,None,4,M,COL,PCOL,normal,gf,NA,2022_06_01,PP,pc6976_CKDL220012246-1a-AK890-7UDI280_HY7T3DSX3_L3_1_val_1_bismark_bt2_pe.bismark.cov.gz
sp6976,sp6976,6976,c57bl6,WT,None,4,M,SPL,SPL,normal,gf,NA,2022_06_01,PP,sp6976_CKDL220012246-1a-AK907-AK1864_HY7T3DSX3_L3_1_val_1_bismark_bt2_pe.bismark.cov.gz
dc6977,dc6977,6977,c57bl6,WT,None,4,M,COL,DCOL,normal,gf,NA,2022_06_01,PP,dc6977_CKDL220012246-1a-GF10-AK692_HY7T3DSX3_L3_1_val_1_bismark_bt2_pe.bismark.cov.gz
lv6977,lv6977,6977,c57bl6,WT,None,4,M,LIV,LIV,normal,gf,NA,2022_06_01,PP,lv6977_CKDL220012246-1a-AK1863-GA03_HY7T3DSX3_L3_1_val_1_bismark_bt2_pe.bismark.cov.gz
pc6977,pc6977,6977,c57bl6,WT,None,4,M,COL,PCOL,normal,gf,NA,2022_06_01,PP,pc6977_CKDL220012246-1a-AK1847-7UDI301_HY7T3DSX3_L3_1_val_1_bismark_bt2_pe.bismark.cov.gz
sp6977,sp6977,6977,c57bl6,WT,None,4,M,SPL,SPL,normal,gf,NA,2022_06_01,PP,sp6977_CKDL220012246-1a-AK692-GF10_HY7T3DSX3_L3_1_val_1_bismark_bt2_pe.bismark.cov.gz
dc6980,dc6980,6980,c57bl6,WT,None,3,M,COL,DCOL,normal,gf,NA,2022_06_01,PP,dc6980_CKDL220012246-1a-7UDI274-AK234_HY7T3DSX3_L3_1_val_1_bismark_bt2_pe.bismark.cov.gz
lv6980,lv6980,6980,c57bl6,WT,None,3,M,LIV,LIV,normal,gf,NA,2022_06_01,PP,lv6980_CKDL220012246-1a-GH12-GF11_HY7T3DSX3_L3_1_val_1_bismark_bt2_pe.bismark.cov.gz
pc6980,pc6980,6980,c57bl6,WT,None,3,M,COL,PCOL,normal,gf,NA,2022_06_01,PP,pc6980_CKDL220012246-1a-GC10-GD05_HY7T3DSX3_L3_1_val_1_bismark_bt2_pe.bismark.cov.gz
sp6980,sp6980,6980,c57bl6,WT,None,3,M,SPL,SPL,normal,gf,NA,2022_06_01,PP,sp6980_CKDL220012246-1a-AK234-7UDI274_HY7T3DSX3_L3_1_val_1_bismark_bt2_pe.bismark.cov.gz
dc6988,dc6988,6988,c57bl6,WT,None,4,M,COL,DCOL,normal,gf,NA,2022_06_01,PP,dc6988_CKDL220012246-1a-AK1954-GE09_HY7T3DSX3_L3_1_val_1_bismark_bt2_pe.bismark.cov.gz
lv6988,lv6988,6988,c57bl6,WT,None,4,M,LIV,LIV,normal,gf,NA,2022_06_01,PP,lv6988_CKDL220012246-1a-AK2045-AK2431_HY7T3DSX3_L3_1_val_1_bismark_bt2_pe.bismark.cov.gz
pc6988,pc6988,6988,c57bl6,WT,None,4,M,COL,PCOL,normal,gf,NA,2022_06_01,PP,pc6988_CKDL220012246-1a-GG04-AK705_HY7T3DSX3_L3_1_val_1_bismark_bt2_pe.bismark.cov.gz
sp6988,sp6988,6988,c57bl6,WT,None,4,M,SPL,SPL,normal,gf,NA,2022_06_01,PP,sp6988_CKDL220012246-1a-GA09-GE08_HY7T3DSX3_L3_1_val_1_bismark_bt2_pe.bismark.cov.gz
YL_gfp_neg_24B,YL_gfp_neg_24B,NA,c57bl6,Lgr5,None,4,NA,SI,LSI,normal,wt,NA,GEO,HV,YL_gfp_neg_24B_mL_trimmed_bismark_bt2.bismark.cov.gz
YL_gfp_neg_34B,YL_gfp_neg_34B,NA,c57bl6,Lgr5,None,4,NA,SI,LSI,normal,wt,NA,GEO,HV,YL_gfp_neg_34B_mL_trimmed_bismark_bt2.bismark.cov.gz
YL_gfp_pos_24B,YL_gfp_pos_24B,NA,c57bl6,Lgr5,None,4,NA,SI,LSI,stem,wt,NA,GEO,HV,YL_gfp_pos_24B_mL_trimmed_bismark_bt2.bismark.cov.gz
YL_gfp_pos_34B,YL_gfp_pos_34B,NA,c57bl6,Lgr5,None,4,NA,SI,LSI,stem,wt,NA,GEO,HV,YL_gfp_pos_34B_mL_trimmed_bismark_bt2.bismark.cov.gz
YU_gfp_neg_24B,YU_gfp_neg_24B,NA,c57bl6,Lgr5,None,4,NA,SI,USI,normal,wt,NA,GEO,HV,YU_gfp_neg_24B_mL_trimmed_bismark_bt2.bismark.cov.gz
YU_gfp_neg_34B,YU_gfp_neg_34B,NA,c57bl6,Lgr5,None,4,NA,SI,USI,normal,wt,NA,GEO,HV,YU_gfp_neg_34B_mL_trimmed_bismark_bt2.bismark.cov.gz
YU_gfp_pos_24B,YU_gfp_pos_24B,NA,c57bl6,Lgr5,None,4,NA,SI,USI,stem,wt,NA,GEO,HV,YU_gfp_pos_24B_mL_trimmed_bismark_bt2.bismark.cov.gz
YU_gfp_pos_34B,YU_gfp_pos_34B,NA,c57bl6,Lgr5,None,4,NA,SI,USI,stem,wt,NA,GEO,HV,YU_gfp_pos_34B_mL_trimmed_bismark_bt2.bismark.cov.gz
YC_gfp_neg_24B,YC_gfp_neg_24B,NA,c57bl6,Lgr5,None,4,NA,COL,COL,normal,wt,NA,GEO,HV,YC_gfp_neg_24B_mL_trimmed_bismark_bt2.bismark.cov.gz
YC_gfp_neg_34B,YC_gfp_neg_34B,NA,c57bl6,Lgr5,None,4,NA,COL,COL,normal,wt,NA,GEO,HV,YC_gfp_neg_34B_mL_trimmed_bismark_bt2.bismark.cov.gz
YC_gfp_pos_24B,YC_gfp_pos_24B,NA,c57bl6,Lgr5,None,4,NA,COL,COL,stem,wt,NA,GEO,HV,YC_gfp_pos_24B_mL_trimmed_bismark_bt2.bismark.cov.gz
YC_gfp_pos_34B,YC_gfp_pos_34B,NA,c57bl6,Lgr5,None,4,NA,COL,COL,stem,wt,NA,GEO,HV,YC_gfp_pos_34B_mL_trimmed_bismark_bt2.bismark.cov.gz
ML_gfp_neg_39a,ML_gfp_neg_39a,NA,c57bl6,Lgr5,None,12,NA,SI,LSI,normal,wt,NA,GEO,HV,ML_gfp_neg_39a_mL_trimmed_bismark_bt2.bismark.cov.gz
ML_gfp_neg_39b,ML_gfp_neg_39b,NA,c57bl6,Lgr5,None,12,NA,SI,LSI,normal,wt,NA,GEO,HV,ML_gfp_neg_39b_mL_trimmed_bismark_bt2.bismark.cov.gz
MU_gfp_neg_39a,MU_gfp_neg_39a,NA,c57bl6,Lgr5,None,12,NA,SI,USI,normal,wt,NA,GEO,HV,MU_gfp_neg_39a_mL_trimmed_bismark_bt2.bismark.cov.gz
MU_gfp_neg_39b,MU_gfp_neg_39b,NA,c57bl6,Lgr5,None,12,NA,SI,USI,normal,wt,NA,GEO,HV,MU_gfp_neg_39b_mL_trimmed_bismark_bt2.bismark.cov.gz
MC_gfp_neg_39a,MC_gfp_neg_39a,NA,c57bl6,Lgr5,None,12,NA,COL,COL,normal,wt,NA,GEO,HV,MC_gfp_neg_39a_mL_trimmed_bismark_bt2.bismark.cov.gz
MC_gfp_neg_39b,MC_gfp_neg_39b,NA,c57bl6,Lgr5,None,12,NA,COL,COL,normal,wt,NA,GEO,HV,MC_gfp_neg_39b_mL_trimmed_bismark_bt2.bismark.cov.gz
MC_gfp_pos_39a,MC_gfp_pos_39a,NA,c57bl6,Lgr5,None,12,NA,COL,COL,stem,wt,NA,GEO,HV,MC_gfp_pos_39a_mL_trimmed_bismark_bt2.bismark.cov.gz
MC_gfp_pos_39b,MC_gfp_pos_39b,NA,c57bl6,Lgr5,None,12,NA,COL,COL,stem,wt,NA,GEO,HV,MC_gfp_pos_39b_mL_trimmed_bismark_bt2.bismark.cov.gz
NL_gfp_neg_60a,NL_gfp_neg_60a,NA,c57bl6,Lgr5,None,18,NA,SI,LSI,normal,wt,NA,GEO,HV,NL_gfp_neg_60a_sL_1_val_1_bismark_bt2_pe.bismark.cov.gz
NL_gfp_neg_60b,NL_gfp_neg_60b,NA,c57bl6,Lgr5,None,18,NA,SI,LSI,normal,wt,NA,GEO,HV,NL_gfp_neg_60b_sL_1_val_1_bismark_bt2_pe.bismark.cov.gz
NL_gfp_pos_60a,NL_gfp_pos_60a,NA,c57bl6,Lgr5,None,18,NA,SI,LSI,stem,wt,NA,GEO,HV,NL_gfp_pos_60a_sL_1_val_1_bismark_bt2_pe.bismark.cov.gz
NL_gfp_pos_60b,NL_gfp_pos_60b,NA,c57bl6,Lgr5,None,18,NA,SI,LSI,stem,wt,NA,GEO,HV,NL_gfp_pos_60b_sL_1_val_1_bismark_bt2_pe.bismark.cov.gz
NU_gfp_neg_60a,NU_gfp_neg_60a,NA,c57bl6,Lgr5,None,18,NA,SI,USI,normal,wt,NA,GEO,HV,NU_gfp_neg_60a_sL_1_val_1_bismark_bt2_pe.bismark.cov.gz
NU_gfp_neg_60b,NU_gfp_neg_60b,NA,c57bl6,Lgr5,None,18,NA,SI,USI,normal,wt,NA,GEO,HV,NU_gfp_neg_60b_sL_1_val_1_bismark_bt2_pe.bismark.cov.gz
NU_gfp_pos_60a,NU_gfp_pos_60a,NA,c57bl6,Lgr5,None,18,NA,SI,USI,stem,wt,NA,GEO,HV,NU_gfp_pos_60a_sL_1_val_1_bismark_bt2_pe.bismark.cov.gz
NU_gfp_pos_60b,NU_gfp_pos_60b,NA,c57bl6,Lgr5,None,18,NA,SI,USI,stem,wt,NA,GEO,HV,NU_gfp_pos_60b_sL_1_val_1_bismark_bt2_pe.bismark.cov.gz
NC_gfp_neg_60a,NC_gfp_neg_60a,NA,c57bl6,Lgr5,None,18,NA,COL,COL,normal,wt,NA,GEO,HV,NC_gfp_neg_60a_sL_1_val_1_bismark_bt2_pe.bismark.cov.gz
NC_gfp_neg_60b,NC_gfp_neg_60b,NA,c57bl6,Lgr5,None,18,NA,COL,COL,normal,wt,NA,GEO,HV,NC_gfp_neg_60b_sL_1_val_1_bismark_bt2_pe.bismark.cov.gz
NC_gfp_pos_60a,NC_gfp_pos_60a,NA,c57bl6,Lgr5,None,18,NA,COL,COL,stem,wt,NA,GEO,HV,NC_gfp_pos_60a_sL_1_val_1_bismark_bt2_pe.bismark.cov.gz
NC_gfp_pos_60b,NC_gfp_pos_60b,NA,c57bl6,Lgr5,None,18,NA,COL,COL,stem,wt,NA,GEO,HV,NC_gfp_pos_60b_sL_1_val_1_bismark_bt2_pe.bismark.cov.gz
OL_gfp_neg_24B,OL_gfp_neg_24B,NA,c57bl6,Lgr5,None,24,NA,SI,LSI,normal,wt,NA,GEO,HV,OL_gfp_neg_24B_mL_trimmed_bismark_bt2.bismark.cov.gz
OL_gfp_neg_34B,OL_gfp_neg_34B,NA,c57bl6,Lgr5,None,24,NA,SI,LSI,normal,wt,NA,GEO,HV,OL_gfp_neg_34B_mL_trimmed_bismark_bt2.bismark.cov.gz
OL_gfp_pos_24B,OL_gfp_pos_24B,NA,c57bl6,Lgr5,None,24,NA,SI,LSI,stem,wt,NA,GEO,HV,OL_gfp_pos_24B_mL_trimmed_bismark_bt2.bismark.cov.gz
OL_gfp_pos_34B,OL_gfp_pos_34B,NA,c57bl6,Lgr5,None,24,NA,SI,LSI,stem,wt,NA,GEO,HV,OL_gfp_pos_34B_mL_trimmed_bismark_bt2.bismark.cov.gz
OU_gfp_neg_24B,OU_gfp_neg_24B,NA,c57bl6,Lgr5,None,24,NA,SI,USI,normal,wt,NA,GEO,HV,OU_gfp_neg_24B_mL_trimmed_bismark_bt2.bismark.cov.gz
OU_gfp_neg_34B,OU_gfp_neg_34B,NA,c57bl6,Lgr5,None,24,NA,SI,USI,normal,wt,NA,GEO,HV,OU_gfp_neg_34B_mL_trimmed_bismark_bt2.bismark.cov.gz
OU_gfp_pos_24B,OU_gfp_pos_24B,NA,c57bl6,Lgr5,None,24,NA,SI,USI,stem,wt,NA,GEO,HV,OU_gfp_pos_24B_mL_trimmed_bismark_bt2.bismark.cov.gz
OU_gfp_pos_34B,OU_gfp_pos_34B,NA,c57bl6,Lgr5,None,24,NA,SI,USI,stem,wt,NA,GEO,HV,OU_gfp_pos_34B_mL_trimmed_bismark_bt2.bismark.cov.gz
OC_gfp_neg_24B,OC_gfp_neg_24B,NA,c57bl6,Lgr5,None,24,NA,COL,COL,normal,wt,NA,GEO,HV,OC_gfp_neg_24B_mL_trimmed_bismark_bt2.bismark.cov.gz
OC_gfp_neg_34B,OC_gfp_neg_34B,NA,c57bl6,Lgr5,None,24,NA,COL,COL,normal,wt,NA,GEO,HV,OC_gfp_neg_34B_mL_trimmed_bismark_bt2.bismark.cov.gz
OC_gfp_pos_24B,OC_gfp_pos_24B,NA,c57bl6,Lgr5,None,24,NA,COL,COL,stem,wt,NA,GEO,HV,OC_gfp_pos_24B_mL_trimmed_bismark_bt2.bismark.cov.gz
OC_gfp_pos_34B,OC_gfp_pos_34B,NA,c57bl6,Lgr5,None,24,NA,COL,COL,stem,wt,NA,GEO,HV,OC_gfp_pos_34B_mL_trimmed_bismark_bt2.bismark.cov.gz
BLD_Y1,BLD_Y1,NA,c57bl6,Lgr5,None,4,NA,BLD,BLD,normal,wt,NA,GEO,HV,BLD_Y1_mL_trimmed_bismark_bt2.bismark.cov.gz
BLD_Y2,BLD_Y2,NA,c57bl6,Lgr5,None,4,NA,BLD,BLD,normal,wt,NA,GEO,HV,BLD_Y2_mL_trimmed_bismark_bt2.bismark.cov.gz
BLD_Y3,BLD_Y3,NA,c57bl6,Lgr5,None,4,NA,BLD,BLD,normal,wt,NA,GEO,HV,BLD_Y3_sL_1_val_1_bismark_bt2_pe.bismark.cov.gz
BLD_M1,BLD_M1,NA,c57bl6,Lgr5,None,12,NA,BLD,BLD,normal,wt,NA,GEO,HV,BLD_M1_mL_trimmed_bismark_bt2.bismark.cov.gz
BLD_M2,BLD_M2,NA,c57bl6,Lgr5,None,12,NA,BLD,BLD,normal,wt,NA,GEO,HV,BLD_M2_mL_trimmed_bismark_bt2.bismark.cov.gz
BLD_M3,BLD_M3,NA,c57bl6,Lgr5,None,12,NA,BLD,BLD,normal,wt,NA,GEO,HV,BLD_M3_sL_1_val_1_bismark_bt2_pe.bismark.cov.gz
BLD_O1,BLD_O1,NA,c57bl6,Lgr5,None,24,NA,BLD,BLD,normal,wt,NA,GEO,HV,BLD_O1_mL_trimmed_bismark_bt2.bismark.cov.gz
BLD_O2,BLD_O2,NA,c57bl6,Lgr5,None,24,NA,BLD,BLD,normal,wt,NA,GEO,HV,BLD_O2_mL_trimmed_bismark_bt2.bismark.cov.gz
BLD_O3,BLD_O3,NA,c57bl6,Lgr5,None,24,NA,BLD,BLD,normal,wt,NA,GEO,HV,BLD_O3_sL_1_val_1_bismark_bt2_pe.bismark.cov.gz
BLD_O4,BLD_O4,NA,c57bl6,Lgr5,None,24,NA,BLD,BLD,normal,wt,NA,GEO,HV,BLD_O4_sL_1_val_1_bismark_bt2_pe.bismark.cov.gz
HT_Y1,HT_Y1,NA,c57bl6,Lgr5,None,4,NA,HT,HT,normal,wt,NA,GEO,HV,HT_Y1_mL_trimmed_bismark_bt2.bismark.cov.gz
HT_Y2,HT_Y2,NA,c57bl6,Lgr5,None,4,NA,HT,HT,normal,wt,NA,GEO,HV,HT_Y2_mL_trimmed_bismark_bt2.bismark.cov.gz
HT_Y3,HT_Y3,NA,c57bl6,Lgr5,None,4,NA,HT,HT,normal,wt,NA,GEO,HV,HT_Y3_sL_1_val_1_bismark_bt2_pe.bismark.cov.gz
HT_Y4,HT_Y4,NA,c57bl6,Lgr5,None,4,NA,HT,HT,normal,wt,NA,GEO,HV,HT_Y4_sL_1_val_1_bismark_bt2_pe.bismark.cov.gz
HT_Y5,HT_Y5,NA,c57bl6,Lgr5,None,4,NA,HT,HT,normal,wt,NA,GEO,HV,HT_Y5_sL_1_val_1_bismark_bt2_pe.bismark.cov.gz
HT_Y6,HT_Y6,NA,c57bl6,Lgr5,None,4,NA,HT,HT,normal,wt,NA,GEO,HV,HT_Y6_sL_1_val_1_bismark_bt2_pe.bismark.cov.gz
HT_M1,HT_M1,NA,c57bl6,Lgr5,None,12,NA,HT,HT,normal,wt,NA,GEO,HV,HT_M1_mL_trimmed_bismark_bt2.bismark.cov.gz
HT_M2,HT_M2,NA,c57bl6,Lgr5,None,12,NA,HT,HT,normal,wt,NA,GEO,HV,HT_M2_mL_trimmed_bismark_bt2.bismark.cov.gz
HT_M3,HT_M3,NA,c57bl6,Lgr5,None,12,NA,HT,HT,normal,wt,NA,GEO,HV,HT_M3_sL_1_val_1_bismark_bt2_pe.bismark.cov.gz
HT_M4,HT_M4,NA,c57bl6,Lgr5,None,12,NA,HT,HT,normal,wt,NA,GEO,HV,HT_M4_sL_1_val_1_bismark_bt2_pe.bismark.cov.gz
HT_M5,HT_M5,NA,c57bl6,Lgr5,None,12,NA,HT,HT,normal,wt,NA,GEO,HV,HT_M5_sL_1_val_1_bismark_bt2_pe.bismark.cov.gz
HT_M6,HT_M6,NA,c57bl6,Lgr5,None,12,NA,HT,HT,normal,wt,NA,GEO,HV,HT_M6_sL_1_val_1_bismark_bt2_pe.bismark.cov.gz
HT_O1,HT_O1,NA,c57bl6,Lgr5,None,24,NA,HT,HT,normal,wt,NA,GEO,HV,HT_O1_mL_trimmed_bismark_bt2.bismark.cov.gz
HT_O10,HT_O10,NA,c57bl6,Lgr5,None,24,NA,HT,HT,normal,wt,NA,GEO,HV,HT_O10_sL_1_val_1_bismark_bt2_pe.bismark.cov.gz
HT_O2,HT_O2,NA,c57bl6,Lgr5,None,24,NA,HT,HT,normal,wt,NA,GEO,HV,HT_O2_sL_1_val_1_bismark_bt2_pe.bismark.cov.gz
HT_O3,HT_O3,NA,c57bl6,Lgr5,None,24,NA,HT,HT,normal,wt,NA,GEO,HV,HT_O3_sL_1_val_1_bismark_bt2_pe.bismark.cov.gz
HT_O4,HT_O4,NA,c57bl6,Lgr5,None,24,NA,HT,HT,normal,wt,NA,GEO,HV,HT_O4_mL_trimmed_bismark_bt2.bismark.cov.gz
HT_O5,HT_O5,NA,c57bl6,Lgr5,None,24,NA,HT,HT,normal,wt,NA,GEO,HV,HT_O5_sL_1_val_1_bismark_bt2_pe.bismark.cov.gz
HT_O6,HT_O6,NA,c57bl6,Lgr5,None,24,NA,HT,HT,normal,wt,NA,GEO,HV,HT_O6_sL_1_val_1_bismark_bt2_pe.bismark.cov.gz
HT_O7,HT_O7,NA,c57bl6,Lgr5,None,24,NA,HT,HT,normal,wt,NA,GEO,HV,HT_O7_sL_1_val_1_bismark_bt2_pe.bismark.cov.gz
HT_O8,HT_O8,NA,c57bl6,Lgr5,None,24,NA,HT,HT,normal,wt,NA,GEO,HV,HT_O8_sL_1_val_1_bismark_bt2_pe.bismark.cov.gz
HT_O9,HT_O9,NA,c57bl6,Lgr5,None,24,NA,HT,HT,normal,wt,NA,GEO,HV,HT_O9_sL_1_val_1_bismark_bt2_pe.bismark.cov.gz
KID_Y1,KID_Y1,NA,c57bl6,Lgr5,None,4,NA,KID,KID,normal,wt,NA,GEO,HV,KID_Y1_mL_trimmed_bismark_bt2.bismark.cov.gz
KID_Y2,KID_Y2,NA,c57bl6,Lgr5,None,4,NA,KID,KID,normal,wt,NA,GEO,HV,KID_Y2_mL_trimmed_bismark_bt2.bismark.cov.gz
KID_Y3,KID_Y3,NA,c57bl6,Lgr5,None,4,NA,KID,KID,normal,wt,NA,GEO,HV,KID_Y3_sL_1_val_1_bismark_bt2_pe.bismark.cov.gz
KID_M1,KID_M1,NA,c57bl6,Lgr5,None,12,NA,KID,KID,normal,wt,NA,GEO,HV,KID_M1_mL_trimmed_bismark_bt2.bismark.cov.gz
KID_M2,KID_M2,NA,c57bl6,Lgr5,None,12,NA,KID,KID,normal,wt,NA,GEO,HV,KID_M2_mL_trimmed_bismark_bt2.bismark.cov.gz
KID_M3,KID_M3,NA,c57bl6,Lgr5,None,12,NA,KID,KID,normal,wt,NA,GEO,HV,KID_M3_sL_1_val_1_bismark_bt2_pe.bismark.cov.gz
KID_O1,KID_O1,NA,c57bl6,Lgr5,None,24,NA,KID,KID,normal,wt,NA,GEO,HV,KID_O1_mL_trimmed_bismark_bt2.bismark.cov.gz
KID_O2,KID_O2,NA,c57bl6,Lgr5,None,24,NA,KID,KID,normal,wt,NA,GEO,HV,KID_O2_mL_trimmed_bismark_bt2.bismark.cov.gz
KID_O3,KID_O3,NA,c57bl6,Lgr5,None,24,NA,KID,KID,normal,wt,NA,GEO,HV,KID_O3_sL_1_val_1_bismark_bt2_pe.bismark.cov.gz
KID_O4,KID_O4,NA,c57bl6,Lgr5,None,24,NA,KID,KID,normal,wt,NA,GEO,HV,KID_O4_sL_1_val_1_bismark_bt2_pe.bismark.cov.gz
LIV_Y1,LIV_Y1,NA,c57bl6,Lgr5,None,4,NA,LIV,LIV,normal,wt,NA,GEO,HV,LIV_Y1_sL_1_val_1_bismark_bt2_pe.bismark.cov.gz
LIV_Y2,LIV_Y2,NA,c57bl6,Lgr5,None,4,NA,LIV,LIV,normal,wt,NA,GEO,HV,LIV_Y2_sL_1_val_1_bismark_bt2_pe.bismark.cov.gz
LIV_M1,LIV_M1,NA,c57bl6,Lgr5,None,12,NA,LIV,LIV,normal,wt,NA,GEO,HV,LIV_M1_sL_1_val_1_bismark_bt2_pe.bismark.cov.gz
LIV_M2,LIV_M2,NA,c57bl6,Lgr5,None,12,NA,LIV,LIV,normal,wt,NA,GEO,HV,LIV_M2_sL_1_val_1_bismark_bt2_pe.bismark.cov.gz
LIV_O1,LIV_O1,NA,c57bl6,Lgr5,None,24,NA,LIV,LIV,normal,wt,NA,GEO,HV,LIV_O1_sL_1_val_1_bismark_bt2_pe.bismark.cov.gz
LIV_O2,LIV_O2,NA,c57bl6,Lgr5,None,24,NA,LIV,LIV,normal,wt,NA,GEO,HV,LIV_O2_sL_1_val_1_bismark_bt2_pe.bismark.cov.gz
LUN_Y1,LUN_Y1,NA,c57bl6,Lgr5,None,4,NA,LUN,LUN,normal,wt,NA,GEO,HV,LUN_Y1_sL_1_val_1_bismark_bt2_pe.bismark.cov.gz
LUN_Y2,LUN_Y2,NA,c57bl6,Lgr5,None,4,NA,LUN,LUN,normal,wt,NA,GEO,HV,LUN_Y2_sL_1_val_1_bismark_bt2_pe.bismark.cov.gz
LUN_M1,LUN_M1,NA,c57bl6,Lgr5,None,12,NA,LUN,LUN,normal,wt,NA,GEO,HV,LUN_M1_sL_1_val_1_bismark_bt2_pe.bismark.cov.gz
LUN_M2,LUN_M2,NA,c57bl6,Lgr5,None,12,NA,LUN,LUN,normal,wt,NA,GEO,HV,LUN_M2_sL_1_val_1_bismark_bt2_pe.bismark.cov.gz
LUN_O1,LUN_O1,NA,c57bl6,Lgr5,None,24,NA,LUN,LUN,normal,wt,NA,GEO,HV,LUN_O1_sL_1_val_1_bismark_bt2_pe.bismark.cov.gz
LUN_O2,LUN_O2,NA,c57bl6,Lgr5,None,24,NA,LUN,LUN,normal,wt,NA,GEO,HV,LUN_O2_sL_1_val_1_bismark_bt2_pe.bismark.cov.gz
SKM_Y1,SKM_Y1,NA,c57bl6,Lgr5,None,4,NA,SKM,SKM,normal,wt,NA,GEO,HV,SKM_Y1_sL_1_val_1_bismark_bt2_pe.bismark.cov.gz
SKM_Y2,SKM_Y2,NA,c57bl6,Lgr5,None,4,NA,SKM,SKM,normal,wt,NA,GEO,HV,SKM_Y2_sL_1_val_1_bismark_bt2_pe.bismark.cov.gz
SKM_M1,SKM_M1,NA,c57bl6,Lgr5,None,12,NA,SKM,SKM,normal,wt,NA,GEO,HV,SKM_M1_sL_1_val_1_bismark_bt2_pe.bismark.cov.gz
SKM_M2,SKM_M2,NA,c57bl6,Lgr5,None,12,NA,SKM,SKM,normal,wt,NA,GEO,HV,SKM_M2_sL_1_val_1_bismark_bt2_pe.bismark.cov.gz
SKM_O1,SKM_O1,NA,c57bl6,Lgr5,None,24,NA,SKM,SKM,normal,wt,NA,GEO,HV,SKM_O1_sL_1_val_1_bismark_bt2_pe.bismark.cov.gz
SKM_O2,SKM_O2,NA,c57bl6,Lgr5,None,24,NA,SKM,SKM,normal,wt,NA,GEO,HV,SKM_O2_sL_1_val_1_bismark_bt2_pe.bismark.cov.gz
SPL_Y1,SPL_Y1,NA,c57bl6,Lgr5,None,4,NA,SPL,SPL,normal,wt,NA,GEO,HV,SPL_Y1_sL_1_val_1_bismark_bt2_pe.bismark.cov.gz
SPL_Y2,SPL_Y2,NA,c57bl6,Lgr5,None,4,NA,SPL,SPL,normal,wt,NA,GEO,HV,SPL_Y2_sL_1_val_1_bismark_bt2_pe.bismark.cov.gz
SPL_Y3,SPL_Y3,NA,c57bl6,Lgr5,None,4,NA,SPL,SPL,normal,wt,NA,GEO,HV,SPL_Y3_sL_1_val_1_bismark_bt2_pe.bismark.cov.gz
SPL_Y4,SPL_Y4,NA,c57bl6,Lgr5,None,4,NA,SPL,SPL,normal,wt,NA,GEO,HV,SPL_Y4_sL_1_val_1_bismark_bt2_pe.bismark.cov.gz
SPL_Y5,SPL_Y5,NA,c57bl6,Lgr5,None,4,NA,SPL,SPL,normal,wt,NA,GEO,HV,SPL_Y5_sL_1_val_1_bismark_bt2_pe.bismark.cov.gz
SPL_M1,SPL_M1,NA,c57bl6,Lgr5,None,12,NA,SPL,SPL,normal,wt,NA,GEO,HV,SPL_M1_sL_1_val_1_bismark_bt2_pe.bismark.cov.gz
SPL_M2,SPL_M2,NA,c57bl6,Lgr5,None,12,NA,SPL,SPL,normal,wt,NA,GEO,HV,SPL_M2_sL_1_val_1_bismark_bt2_pe.bismark.cov.gz
SPL_M3,SPL_M3,NA,c57bl6,Lgr5,None,12,NA,SPL,SPL,normal,wt,NA,GEO,HV,SPL_M3_sL_1_val_1_bismark_bt2_pe.bismark.cov.gz
SPL_M4,SPL_M4,NA,c57bl6,Lgr5,None,12,NA,SPL,SPL,normal,wt,NA,GEO,HV,SPL_M4_sL_1_val_1_bismark_bt2_pe.bismark.cov.gz
SPL_M5,SPL_M5,NA,c57bl6,Lgr5,None,12,NA,SPL,SPL,normal,wt,NA,GEO,HV,SPL_M5_sL_1_val_1_bismark_bt2_pe.bismark.cov.gz
SPL_O1,SPL_O1,NA,c57bl6,Lgr5,None,24,NA,SPL,SPL,normal,wt,NA,GEO,HV,SPL_O1_sL_1_val_1_bismark_bt2_pe.bismark.cov.gz
SPL_O2,SPL_O2,NA,c57bl6,Lgr5,None,24,NA,SPL,SPL,normal,wt,NA,GEO,HV,SPL_O2_sL_1_val_1_bismark_bt2_pe.bismark.cov.gz
SPL_O3,SPL_O3,NA,c57bl6,Lgr5,None,24,NA,SPL,SPL,normal,wt,NA,GEO,HV,SPL_O3_sL_1_val_1_bismark_bt2_pe.bismark.cov.gz
SPL_O4,SPL_O4,NA,c57bl6,Lgr5,None,24,NA,SPL,SPL,normal,wt,NA,GEO,HV,SPL_O4_sL_1_val_1_bismark_bt2_pe.bismark.cov.gz
SPL_O5,SPL_O5,NA,c57bl6,Lgr5,None,24,NA,SPL,SPL,normal,wt,NA,GEO,HV,SPL_O5_sL_1_val_1_bismark_bt2_pe.bismark.cov.gz
SPL_O6,SPL_O6,NA,c57bl6,Lgr5,None,24,NA,SPL,SPL,normal,wt,NA,GEO,HV,SPL_O6_sL_1_val_1_bismark_bt2_pe.bismark.cov.gz
Org_COL_P14_24mo,Org_COL_P14_24mo,NA,c57bl6,Lgr5,None,24,NA,COL,COL,Organoid,wt,P14,Organoid,HV,Org_COL_P14_24mo_merged.cov.gz
Org_COL_P14_4mo,Org_COL_P14_4mo,NA,c57bl6,Lgr5,None,4,NA,COL,COL,Organoid,wt,P14,Organoid,HV,Org_COL_P14_4mo_merged.cov.gz
Org_COL_P3_24mo,Org_COL_P3_24mo,NA,c57bl6,Lgr5,None,24,NA,COL,COL,Organoid,wt,P3,Organoid,HV,Org_COL_P3_24mo_merged.cov.gz
Org_COL_P3_4mo,Org_COL_P3_4mo,NA,c57bl6,Lgr5,None,4,NA,COL,COL,Organoid,wt,P3,Organoid,HV,Org_COL_P3_4mo_merged.cov.gz
Org_LSI_P14_24mo,Org_LSI_P14_24mo,NA,c57bl6,Lgr5,None,24,NA,SI,LSI,Organoid,wt,P14,Organoid,HV,Org_LSI_P14_24mo_merged.cov.gz
Org_LSI_P14_4mo,Org_LSI_P14_4mo,NA,c57bl6,Lgr5,None,4,NA,SI,LSI,Organoid,wt,P14,Organoid,HV,Org_LSI_P14_4mo_merged.cov.gz
Org_LSI_P3_24mo,Org_LSI_P3_24mo,NA,c57bl6,Lgr5,None,24,NA,SI,LSI,Organoid,wt,P3,Organoid,HV,Org_LSI_P3_24mo_merged.cov.gz
Org_LSI_P3_4mo,Org_LSI_P3_4mo,NA,c57bl6,Lgr5,None,4,NA,SI,LSI,Organoid,wt,P3,Organoid,HV,Org_LSI_P3_4mo_merged.cov.gz
Org_USI_P0_24mo_283,Org_USI_P0_24mo_283,NA,c57bl6,Lgr5,None,24,NA,SI,USI,Organoid,wt,P0,Organoid,HV,Org_USI_P0_24mo_283_merged.cov.gz
Org_USI_P0_24mo_285,Org_USI_P0_24mo_285,NA,c57bl6,Lgr5,None,24,NA,SI,USI,Organoid,wt,P0,Organoid,HV,Org_USI_P0_24mo_285_merged.cov.gz
Org_USI_P0_24mo,Org_USI_P0_24mo,NA,c57bl6,Lgr5,None,24,NA,SI,USI,Organoid,wt,P0,Organoid,HV,Org_USI_P0_24mo_merged.cov.gz
Org_USI_P0_4mo,Org_USI_P0_4mo,NA,c57bl6,Lgr5,None,4,NA,SI,USI,Organoid,wt,P0,Organoid,HV,Org_USI_P0_4mo_merged.cov.gz
Org_USI_P14_24mo,Org_USI_P14_24mo,NA,c57bl6,Lgr5,None,24,NA,SI,USI,Organoid,wt,P14,Organoid,HV,Org_USI_P14_24mo_merged.cov.gz
Org_USI_P14_4mo,Org_USI_P14_4mo,NA,c57bl6,Lgr5,None,4,NA,SI,USI,Organoid,wt,P14,Organoid,HV,Org_USI_P14_4mo_merged.cov.gz
Org_USI_P25_24mo_283,Org_USI_P25_24mo_283,NA,c57bl6,Lgr5,None,24,NA,SI,USI,Organoid,wt,P25,Organoid,HV,Org_USI_P25_24mo_283_merged.cov.gz
Org_USI_P25_24mo_285,Org_USI_P25_24mo_285,NA,c57bl6,Lgr5,None,24,NA,SI,USI,Organoid,wt,P25,Organoid,HV,Org_USI_P25_24mo_285_merged.cov.gz
Org_USI_P28_24mo,Org_USI_P28_24mo,NA,c57bl6,Lgr5,None,24,NA,SI,USI,Organoid,wt,P28,Organoid,HV,Org_USI_P28_24mo_merged.cov.gz
Org_USI_P28_4mo,Org_USI_P28_4mo,NA,c57bl6,Lgr5,None,4,NA,SI,USI,Organoid,wt,P28,Organoid,HV,Org_USI_P28_4mo_merged.cov.gz
Org_USI_P3_24mo,Org_USI_P3_24mo,NA,c57bl6,Lgr5,None,24,NA,SI,USI,Organoid,wt,P3,Organoid,HV,Org_USI_P3_24mo_merged.cov.gz
Org_USI_P3_4mo,Org_USI_P3_4mo,NA,c57bl6,Lgr5,None,4,NA,SI,USI,Organoid,wt,P3,Organoid,HV,Org_USI_P3_4mo_merged.cov.gz
DM_9229,DM_9229,9229,129svev,ApcMin,DSS,22.4,M,COL,DCOL,normal,consortium_um149,NA,2023_07_03,PP,DM_9229_sL_1_val_1_bismark_bt2_pe.bismark.cov.gz
DM_8228,DM_8228,8228,129svev,ApcMin,DSS,22.6,M,COL,DCOL,normal,consortium_um149,NA,2023_07_03,PP,DM_8228_sL_1_val_1_bismark_bt2_pe.bismark.cov.gz
DM_9032,DM_9032,9032,129svev,ApcMin,DSS,22.6,F,COL,DCOL,normal,consortium_um149,NA,2023_07_03,PP,DM_9032_sL_1_val_1_bismark_bt2_pe.bismark.cov.gz
DM_9089,DM_9089,9089,129svev,ApcMin,DSS,22.6,F,COL,DCOL,normal,consortium_um149,NA,2023_07_03,PP,DM_9089_sL_1_val_1_bismark_bt2_pe.bismark.cov.gz
DM_9263,DM_9263,9263,129svev,ApcMin,DSS,19.6,M,COL,DCOL,normal,consortium_um149,NA,2023_07_03,PP,DM_9263_sL_1_val_1_bismark_bt2_pe.bismark.cov.gz
DT_9299,DT_9299,9229,129svev,ApcMin,DSS,22.4,M,COL,DCOL,tumor,consortium_um149,NA,2023_07_03,PP,DT_9299_sL_1_val_1_bismark_bt2_pe.bismark.cov.gz
DT_8228,DT_8228,8228,129svev,ApcMin,DSS,22.6,M,COL,DCOL,tumor,consortium_um149,NA,2023_07_03,PP,DT_8228_sL_1_val_1_bismark_bt2_pe.bismark.cov.gz
DT_9032,DT_9032,9032,129svev,ApcMin,DSS,22.6,F,COL,DCOL,tumor,consortium_um149,NA,2023_07_03,PP,DT_9032_sL_1_val_1_bismark_bt2_pe.bismark.cov.gz
DT_9089,DT_9089,9089,129svev,ApcMin,DSS,22.6,F,COL,DCOL,tumor,consortium_um149,NA,2023_07_03,PP,DT_9089_sL_1_val_1_bismark_bt2_pe.bismark.cov.gz
DT_9263,DT_9263,9263,129svev,ApcMin,DSS,19.6,M,COL,DCOL,tumor,consortium_um149,NA,2023_07_03,PP,DT_9263_sL_1_val_1_bismark_bt2_pe.bismark.cov.gz
DM_9264,DM_9264,9264,129svev,ApcMin,DSS,22.6,M,COL,DCOL,normal,gf,NA,2023_07_03,PP,DM_9264_sL_1_val_1_bismark_bt2_pe.bismark.cov.gz
DM_8274,DM_8274,8274,129svev,ApcMin,DSS,21.3,F,COL,DCOL,normal,gf,NA,2023_07_03,PP,DM_8274_sL_1_val_1_bismark_bt2_pe.bismark.cov.gz
DM_9259,DM_9259,9259,129svev,ApcMin,DSS,22.9,F,COL,DCOL,normal,gf,NA,2023_07_03,PP,DM_9259_sL_1_val_1_bismark_bt2_pe.bismark.cov.gz
DT_7844,DT_7844,7844,129svev,ApcMin,DSS,20.7,M,COL,DCOL,tumor,consortium,NA,2023_07_03,PP,DT_7844_sL_1_val_1_bismark_bt2_pe.bismark.cov.gz
DT_9001,DT_9001,9001,129svev,ApcMin,DSS,22.7,M,COL,DCOL,tumor,consortium,NA,2023_07_03,PP,DT_9001_sL_1_val_1_bismark_bt2_pe.bismark.cov.gz
DT_9006,DT_9006,9006,129svev,ApcMin,DSS,22.7,M,COL,DCOL,tumor,consortium,NA,2023_07_03,PP,DT_9006_sL_1_val_1_bismark_bt2_pe.bismark.cov.gz
DM_7844,DM_7844,7844,129svev,ApcMin,DSS,20.7,M,COL,DCOL,normal,consortium,NA,2023_07_03,PP,DM_7844_sL_1_val_1_bismark_bt2_pe.bismark.cov.gz
DM_9001,DM_9001,9001,129svev,ApcMin,DSS,22.7,M,COL,DCOL,normal,consortium,NA,2023_07_03,PP,DM_9001_sL_1_val_1_bismark_bt2_pe.bismark.cov.gz
DM_9006,DM_9006,9006,129svev,ApcMin,DSS,22.7,M,COL,DCOL,normal,consortium,NA,2023_07_03,PP,DM_9006_sL_1_val_1_bismark_bt2_pe.bismark.cov.gz
DC_1005,DC_1005,1005,129svev,WT,None,12,M,COL,DCOL,normal,wt,NA,2023_08_27,PP,dcolon_1005_sL_1_val_1_bismark_bt2_pe.bismark.cov.gz
DC_1006,DC_1006,1006,129svev,WT,None,12,M,COL,DCOL,normal,wt,NA,2023_08_27,PP,dcolon_1006_sL_1_val_1_bismark_bt2_pe.bismark.cov.gz
DC_1007,DC_1007,1007,129svev,WT,None,12,M,COL,DCOL,normal,wt,NA,2023_08_27,PP,dcolon_1007_sL_1_val_1_bismark_bt2_pe.bismark.cov.gz
DC_1008,DC_1008,1008,129svev,WT,None,12,M,COL,DCOL,normal,wt,NA,2023_08_27,PP,dcolon_1008_sL_1_val_1_bismark_bt2_pe.bismark.cov.gz
DC_2003,DC_2003,2003,129svev,WT,None,12,F,COL,DCOL,normal,wt,NA,2023_08_27,PP,dcolon_2003_sL_1_val_1_bismark_bt2_pe.bismark.cov.gz
DC_2004,DC_2004,2004,129svev,WT,None,12,F,COL,DCOL,normal,wt,NA,2023_08_27,PP,dcolon_2004_sL_1_val_1_bismark_bt2_pe.bismark.cov.gz
LIV_1005,LIV_1005,1005,129svev,WT,None,12,M,LIV,LIV,normal,wt,NA,2023_08_27,PP,liver_1005_sL_1_val_1_bismark_bt2_pe.bismark.cov.gz
LIV_1006,LIV_1006,1006,129svev,WT,None,12,M,LIV,LIV,normal,wt,NA,2023_08_27,PP,liver_1006_sL_1_val_1_bismark_bt2_pe.bismark.cov.gz
LIV_1007,LIV_1007,1007,129svev,WT,None,12,M,LIV,LIV,normal,wt,NA,2023_08_27,PP,liver_1007_sL_1_val_1_bismark_bt2_pe.bismark.cov.gz
LIV_1008,LIV_1008,1008,129svev,WT,None,12,M,LIV,LIV,normal,wt,NA,2023_08_27,PP,liver_1008_sL_1_val_1_bismark_bt2_pe.bismark.cov.gz
LIV_2003,LIV_2003,2003,129svev,WT,None,12,F,LIV,LIV,normal,wt,NA,2023_08_27,PP,liver_2003_sL_1_val_1_bismark_bt2_pe.bismark.cov.gz
LIV_2004,LIV_2004,2004,129svev,WT,None,12,F,LIV,LIV,normal,wt,NA,2023_08_27,PP,liver_2004_sL_1_val_1_bismark_bt2_pe.bismark.cov.gz
PC_1005,PC_1005,1005,129svev,WT,None,12,M,COL,PCOL,normal,wt,NA,2023_08_27,PP,pcolon_1005_sL_1_val_1_bismark_bt2_pe.bismark.cov.gz
PC_1006,PC_1006,1006,129svev,WT,None,12,M,COL,PCOL,normal,wt,NA,2023_08_27,PP,pcolon_1006_sL_1_val_1_bismark_bt2_pe.bismark.cov.gz
PC_1007,PC_1007,1007,129svev,WT,None,12,M,COL,PCOL,normal,wt,NA,2023_08_27,PP,pcolon_1007_sL_1_val_1_bismark_bt2_pe.bismark.cov.gz
PC_1008,PC_1008,1008,129svev,WT,None,12,M,COL,PCOL,normal,wt,NA,2023_08_27,PP,pcolon_1008_sL_1_val_1_bismark_bt2_pe.bismark.cov.gz
PC_2003,PC_2003,2003,129svev,WT,None,12,F,COL,PCOL,normal,wt,NA,2023_08_27,PP,pcolon_2003_sL_1_val_1_bismark_bt2_pe.bismark.cov.gz
PC_2004,PC_2004,2004,129svev,WT,None,12,F,COL,PCOL,normal,wt,NA,2023_08_27,PP,pcolon_2004_sL_1_val_1_bismark_bt2_pe.bismark.cov.gz
SPL_1005,SPL_1005,1005,129svev,WT,None,12,M,SPL,SPL,normal,wt,NA,2023_08_27,PP,spleen_1005_sL_1_val_1_bismark_bt2_pe.bismark.cov.gz
SPL_1006,SPL_1006,1006,129svev,WT,None,12,M,SPL,SPL,normal,wt,NA,2023_08_27,PP,spleen_1006_sL_1_val_1_bismark_bt2_pe.bismark.cov.gz
SPL_1007,SPL_1007,1007,129svev,WT,None,12,M,SPL,SPL,normal,wt,NA,2023_08_27,PP,spleen_1007_sL_1_val_1_bismark_bt2_pe.bismark.cov.gz
SPL_1008,SPL_1008,1008,129svev,WT,None,12,M,SPL,SPL,normal,wt,NA,2023_08_27,PP,spleen_1008_sL_1_val_1_bismark_bt2_pe.bismark.cov.gz
SPL_2003,SPL_2003,2003,129svev,WT,None,12,F,SPL,SPL,normal,wt,NA,2023_08_27,PP,spleen_2003_sL_1_val_1_bismark_bt2_pe.bismark.cov.gz
SPL_2004,SPL_2004,2004,129svev,WT,None,12,F,SPL,SPL,normal,wt,NA,2023_08_27,PP,spleen_2004_sL_1_val_1_bismark_bt2_pe.bismark.cov.gz